,iter_id,drnet_PEHE,drnet_ATE_metric
0,0,1.2711995488219774,0.3585339281937703
1,1,1.000191765425032,0.156770855110977
2,2,1.3541499815328926,0.5521169895785545
3,3,1.1862260537118758,0.5439457321399623
4,4,1.0037526319818366,0.17863425738975103
5,5,1.1876885847104417,0.05147429183211294
6,6,1.219817579506521,0.0010161055944211128
7,7,1.1040549884775681,0.09890789811794631
8,8,1.1936027143614134,0.33000811914610795
9,9,1.3468831078080994,0.06139237292455357
10,10,1.247240239781141,0.1661704153060395
11,11,1.1447334502847333,0.02418249273484907
12,12,0.99624103325326,0.14720901023184219
13,13,1.339049958997902,0.050888927294983954
14,14,1.2317701018524039,0.02957857250226059
15,15,1.2852469207404285,0.6865154061230005
16,16,1.2334312980083106,0.23740318670510652
17,17,1.2564843717065153,0.847726929712588
18,18,1.1562229065634186,0.24504755353062713
19,19,0.8960977326094616,0.3192032760882393
20,20,1.1868749527757871,0.21109311159374666
21,21,1.3052726709542302,0.6030659776066969
22,22,1.3050623102217191,0.23213783979710234
23,23,1.1982456942140587,0.05057920403913352
24,24,1.6893056382235914,0.27771627011429123
25,25,1.3023560908677596,0.435840566921299
26,26,1.1421095473836214,0.06636741016076453
27,27,1.306164415337691,0.3174566349384813
28,28,0.9421032242004287,0.0304565986814751
29,29,1.5570365385094194,0.6694070273706827
30,30,1.1971681488091064,0.032043487084229216
31,31,0.9759817445132454,0.029950796361118304
32,32,1.1336380616722108,0.2028658837903703
33,33,1.1289881901400658,0.3440650936727847
34,34,1.0275657829283669,0.06308745356321577
35,35,1.4305631283213849,0.13357980279226478
36,36,1.1985849763975909,0.18326268401439627
37,37,1.083753466759252,0.08702205720727596
38,38,1.097250561875943,0.28130507055184584
39,39,1.1555042613933122,0.07925940274288479
40,40,1.1201125257180518,0.40658405016107935
41,41,0.9068386301755151,0.1969440928574797
42,42,0.9865206106153517,0.23452506324942712
43,43,1.1154930697192307,0.6428756126269883
44,44,1.0088248425232205,0.008267904739114318
45,45,1.4402089901250097,0.2543555291726749
46,46,1.1472828113315863,0.3301004024888252
47,47,1.149086039333792,0.41430668396098413
48,48,1.145555082849436,0.04712616505410416
49,49,1.0963240789191855,0.2776619808099654
50,50,1.122831212062082,0.10076702689335937
51,51,1.3990466622586555,0.679568988552071
52,52,1.0589892524360247,0.28454259352664124
53,53,0.9571666146733546,0.010694828743685214
54,54,1.2312045336381958,0.05373242973333081
55,55,1.0466949156903915,0.15516607053684117
56,56,1.0579527982679355,0.34828574553638525
57,57,1.084526461696942,0.34572865943784725
58,58,1.2587286582828154,0.12299932746620845
59,59,1.2061376820829637,0.3645657272007501
60,60,1.0355307940519003,0.30346211554648495
61,61,1.1337868197737224,0.016199167745774012
62,62,1.3693581616267223,0.5594505099059215
63,63,1.1559574575455056,0.2069862195387202
64,64,1.0173826279909968,0.0038019536175428748
65,65,1.0622749978747388,0.029970184754701812
66,66,1.2261912673804567,0.10499347899793321
67,67,1.3621472669154566,0.7012664708332017
68,68,1.2145867453214747,0.12697637182601618
69,69,1.1292244143901171,0.05764315498956751
70,70,1.3201915690782848,0.06969817377567722
71,71,1.1855631286274178,0.09091925499496423
72,72,1.1508652342322234,0.1311820791474334
73,73,1.0813385171331298,0.09280038561981385
74,74,1.1015280128435758,0.07514600312678876
75,75,1.1881224235529408,0.1747956055703166
76,76,1.133325721567932,0.6814532385670087
77,77,1.210820314504325,0.019021765655716116
78,78,1.0957703360977882,0.3863413894936407
79,79,1.290128725040503,0.33789912216068574
80,80,1.151676441667162,0.42521615934792845
81,81,1.3686986489955957,0.4662847258931446
82,82,1.3205208507927382,0.8951273296304172
83,83,1.2257539843865062,0.07469163872900797
84,84,1.1750984200989218,0.04631872834203854
85,85,1.2245318364666096,0.449272368630246
86,86,1.0796041484005376,0.16633259067096162
87,87,1.2111305241923438,0.16359611474084446
88,88,1.1393220064060425,0.13739046123484266
89,89,1.009828164454659,0.4315076195941474
90,90,1.130644065581601,0.06168568709937716
91,91,1.2211444207844286,0.02309758051944444
92,92,1.6798357458178395,1.0650713574274526
93,93,1.0215129577155027,0.07743846434529278
94,94,1.220362048373001,0.20352070613700057
95,95,1.1551322288137096,0.03207470329397211
96,96,0.9424225159452956,0.11431898356817616
97,97,1.1621271103992783,0.19506804285104407
98,98,1.1239594315649286,0.32798673902137887
99,99,1.2627294512589629,0.21038881253101183
100,100,1.20625818101791,0.09139829704886449
101,101,1.1404682793161987,0.18339189035211678
102,102,1.1596475508404835,0.11731322174122694
103,103,1.379264485201644,0.3568093186379637
104,104,1.369984319946475,0.8479262898528108
105,105,1.1930437483500382,0.5104843827381815
106,106,1.1637618380157186,0.19243569939644578
107,107,1.2107834335406462,0.28216593952106184
108,108,1.6023185984015504,0.8342151654147307
109,109,1.295726018124214,0.22065573059644095
110,110,1.2129316629743367,0.04934305661099492
111,111,1.122277228163694,0.49489669422983873
112,112,1.1933811103547225,0.07650693061209424
113,113,1.1053734095906729,0.2957863431692669
114,114,1.216593467524973,0.3436235400994345
115,115,1.1669209382963341,0.14406446834904862
116,116,1.1735232285072918,0.00432921080519133
117,117,1.1822303839873303,0.40170655426166046
118,118,1.3531488322007048,0.07381439544337232
119,119,1.2991047602628114,0.009940929472112892
120,120,0.9453172304029029,0.12201262511497246
121,121,1.0623912165594775,0.22985996613721937
122,122,1.1113368867184017,0.23931561228491027
123,123,1.1577418103077375,0.15488175151142647
124,124,0.9853595384433331,0.03221777269188797
125,125,1.11509859018742,0.1508061905672724
126,126,1.3001496418403384,0.40181547679163687
127,127,1.2177800580900948,0.5286693687250401
128,128,1.0767031942606924,0.4550503977162652
129,129,0.9709671511594108,0.2666855898947804
130,130,1.419364043997496,0.8277163647116059
131,131,1.1851774821663459,0.4214250693217987
132,132,1.042651613488526,0.09041521630268434
133,133,1.2448226906400717,0.6980354809306819
134,134,1.581689828071591,1.1910982744153298
135,135,2.2036464714940482,1.878604774855384
136,136,1.0876613861858007,0.024506437599451036
137,137,1.2521287869558249,0.1131054897744419
138,138,1.085876243229554,0.3183656721192931
139,139,1.0984701213729882,0.23515848656684657
140,140,1.256664940208953,0.4999758228998781
141,141,1.2076257713905705,0.049716514284045665
142,142,1.6481026681858675,1.4678369055473546
143,143,1.1905916029194938,0.2576949479792332
144,144,1.1050660108910728,0.25145236633940193
145,145,0.9141742160616521,0.10536728713896482
146,146,1.189895834556694,0.15190961222100974
147,147,1.0808074801238972,0.3202115867216122
148,148,1.4531238596234979,0.01622320966890589
149,149,1.1890679673152678,0.5612330004505588
150,150,1.205595687483631,0.37713475463335255
151,151,1.324208223742722,0.781719276267125
152,152,1.1338136412378612,0.33356703993504944
153,153,1.02784388660272,0.04819426955241335
154,154,1.2480186029723404,0.15733771465923896
155,155,0.9686976388755414,0.2083207344212692
156,156,1.8035153867056037,0.8169636651374197
157,157,1.121296413604302,0.10794399167419222
158,158,1.186673285261964,0.35236316501209686
159,159,1.1886732207420996,0.22741735836219013
160,160,1.0711963240574682,0.26222594734598204
161,161,1.3785670408130444,0.726754336697458
162,162,1.0068601312266072,0.15152046168246835
163,163,1.1649019876947966,0.2601674743729703
164,164,1.2934310466412045,0.7443522479859945
165,165,1.2618279699447477,0.302825246484665
166,166,1.2588431870316172,0.21287545056914947
167,167,1.3306180421816012,0.4574727486659902
168,168,1.2137038543956609,0.4074797153953025
169,169,1.275287015815751,0.2885122311745696
170,170,1.201824340922035,0.05557316794456657
171,171,1.225164751475456,0.49429072448437195
172,172,1.0582418034508954,0.09505004486270074
173,173,1.0152589721217515,0.3900006080184504
174,174,1.054977401292906,0.14314933376667982
175,175,1.0756072522940172,0.038625533914451005
176,176,0.9865482002858911,0.035644516591545106
177,177,1.1034822996519604,0.006740519021953162
178,178,1.1775160848961643,0.2520224490536571
179,179,1.5554835770730575,0.5196779154782942
180,180,1.3038579499086735,0.5580898926269553
181,181,1.124140336763518,0.5063760825195511
182,182,1.1233021209604086,0.44030490657900856
183,183,0.9834884486931152,0.3334054169777936
184,184,1.246362476364782,0.0647599051351806
185,185,1.1409745975959147,0.21166114762858879
186,186,1.2366126231301675,0.7519280235787806
187,187,1.1707204229879717,0.01767037696920326
188,188,1.0816566800462921,0.14076973818439686
189,189,1.1448553099896692,0.09624435091094874
190,190,1.0593358598348936,0.15478311387939314
191,191,1.4016696399433464,0.3055099354187303
192,192,1.0785701385877096,0.3133010299032346
193,193,1.2663711069726598,0.4273834757145236
194,194,1.4430517189194598,0.27759779938007023
195,195,1.1317486879875904,0.18382136030749407
196,196,1.100739597887873,0.2973473332429526
197,197,1.2170758381639242,0.3471931348623216
198,198,1.084956068468859,0.14170031759601454
199,199,1.262034819296057,0.2305148053861945
200,200,1.3627340805909516,0.3597276229287836
201,201,1.0927856764658856,0.24815343982182414
202,202,1.269720410770581,0.393038688123426
203,203,1.1622549752750622,0.6071820081349619
204,204,1.0800479241492533,0.19027511317988388
205,205,1.1411005620371566,0.5815861205159485
206,206,0.9654369587271936,0.2722247229202144
207,207,1.0986112423149974,0.03402291673073421
208,208,1.064136610277233,0.12447743836734171
209,209,1.286225947284142,0.5847888416703335
210,210,1.0973220273951885,0.238499627155627
211,211,1.2650323314409,0.4594306491748381
212,212,1.100505789206029,0.19710118776835373
213,213,1.2337720007753457,0.37341404621199814
214,214,1.081193216138178,0.04509894332772557
215,215,1.3356168858532518,0.6992996085221224
216,216,1.0496726555213078,0.20211365776150458
217,217,1.1918954862050612,0.1029703027083988
218,218,1.1638685643648898,0.07977666516017834
219,219,1.0569857775687288,0.26826858097805806
220,220,1.0288925187925189,0.04314912526046433
221,221,1.0556342140656534,0.0015299335410654535
222,222,1.0853347715178718,0.46767040261067416
223,223,0.9841150437430862,0.04449192608322772
224,224,1.1632585653056362,0.2126658157369934
225,225,1.1980844285600631,0.5073853148317911
226,226,0.9946149330192334,0.2022563757125284
227,227,1.307914896676031,0.5725829428275673
228,228,1.0870028205883557,0.18487341500280863
229,229,1.0434695106196596,0.14054434290157625
230,230,1.176915943898618,0.008298430185483596
231,231,0.9984635986678281,0.13423537555592624
232,232,1.1964210187852882,0.28450750020239646
233,233,2.183026114943991,1.8168279883750589
234,234,1.1924675095812556,0.24389631793323474
235,235,1.0150936410909197,0.12591131295150904
236,236,1.1704441287516796,0.21265667914087594
237,237,1.1487173986237833,0.3691904384073301
238,238,0.9931327485027798,0.1088324994485328
239,239,1.3359689758016098,0.011920811393915987
240,240,0.926747668771305,0.17273693182710748
241,241,1.124461255127361,0.3148904348541208
242,242,1.1648320201947913,0.24487072973958535
243,243,1.166618029955751,0.3969884897677818
244,244,1.340935942228986,0.030314056257742195
245,245,1.26650222400464,0.10532239614467898
246,246,1.25182224473483,0.2618564890352264
247,247,1.416669899005668,0.222279716166919
248,248,1.0048576850644124,0.14443097408160543
249,249,1.176351544748959,0.24423077895004175
250,250,1.1528699696745939,0.11903824559097398
251,251,1.252730053642769,0.03898492454814306
252,252,0.932580796592653,0.07557965030571623
253,253,1.182914116478195,0.2434427805155419
254,254,1.3265286313431333,0.07176913489673886
255,255,1.5700730765972062,1.3725466631085008
256,256,1.0631142749618159,0.46798947369893185
257,257,1.1049076947832226,0.3534282858686266
258,258,1.0980806125990534,0.2501091948130356
259,259,1.1283058513118187,0.0697629351352349
260,260,1.0700941948355323,0.08357695644015806
261,261,1.2008584056090004,0.04635546100392807
262,262,1.1176690495276715,0.0677555878305891
263,263,1.4684035673268028,0.5966273293984194
264,264,1.0977680945227224,0.11667635926970377
265,265,1.029444807126408,0.10872822191572507
266,266,1.1916303560858184,0.36764899443295507
267,267,1.2111333096035315,0.22343222540668117
268,268,1.1278722242649373,0.11494359801028331
269,269,1.1348910046730916,0.02551365764000124
270,270,1.0280206418116333,0.22717552067213687
271,271,4.081013633691866,4.0313500671622915
272,272,2.1666849580081777,1.020629838290409
273,273,1.1609467760366894,0.33585589867499044
274,274,1.0761670162843868,0.07565921526356334
275,275,1.170758931250768,0.01744221693148118
276,276,1.1106517151202675,0.21743771086125419
277,277,1.0683612627827166,0.17134289083265442
278,278,1.2104617864082707,0.2878620301882888
279,279,1.1570247001765632,0.39624568612546174
280,280,1.1810970935769987,0.1000405420491659
281,281,1.0215235526784854,0.14598097867174742
282,282,1.269530805935904,0.502017380125447
283,283,1.0652458590993612,0.01568013370225696
284,284,1.046831475520075,0.10210156936033066
285,285,1.5089174166097699,0.877565530960744
286,286,1.262822964368312,0.6221704337063643
287,287,1.130703972248105,0.518519455661274
288,288,1.2266707495295643,0.029845313500813653
289,289,1.229557350391073,0.5823471413421943
290,290,1.2801720731894766,0.2164916252849438
291,291,1.0588921656626,0.19126493703441882
292,292,1.1348851586833195,0.2227678840519145
293,293,1.1580757951571623,0.28571322085918993
294,294,1.047301277439991,0.205045708391697
295,295,1.1901109027134966,0.05404609563502305
296,296,1.0790026195180673,0.248854964902959
297,297,1.0356330435959968,0.006816851701576976
298,298,1.0452914382516079,0.11495159011917666
299,299,1.4898271541294077,0.5463003247229472
300,300,0.9932613439201419,0.05307499705490892
301,301,1.303464711089034,0.24240770034041992
302,302,1.1118494211385859,0.009466502194339643
303,303,1.2952171017493768,0.1775158983764049
304,304,1.0843911581480377,0.3160189640300457
305,305,1.214754467011775,0.2858241576444791
306,306,1.175905090751675,0.4544406913648067
307,307,1.091907556949734,0.34396345697283603
308,308,1.1006156394453963,0.33355797654553543
309,309,1.0882386101569745,0.22762443356262008
310,310,1.0546929293695206,0.031479065886180546
311,311,1.168197739793073,0.36950341697261146
312,312,1.33055875540862,0.8330131871317299
313,313,1.1630505668685538,0.03790451395180394
314,314,1.3180455842044276,0.04077737398328907
315,315,1.3666931659231194,0.36929556127426366
316,316,1.184497990263489,0.0015083403023252728
317,317,1.310018378426801,0.03701476519291047
318,318,1.134678277117756,0.030371862370548453
319,319,1.0796170566509529,0.20337869993591706
320,320,1.386534089568597,0.040789002414403086
321,321,1.2545775005533466,0.30028566638300225
322,322,1.116511653399073,0.18896220019842946
323,323,1.108715569418431,0.40662152852968925
324,324,1.1905543721133636,0.04573734554450137
325,325,1.2852003113833876,0.27336152270004055
326,326,1.4301791502474164,1.0856729790450097
327,327,1.167326154467718,0.02106889248136623
328,328,1.0828017382489223,0.12933815446183416
329,329,1.2006518040818215,0.04188914663552312
330,330,1.0830169379605372,0.08669070188655592
331,331,1.1188281551779036,0.3964181974929799
332,332,1.2184152503434764,0.08580104109902642
333,333,1.2671842742740567,0.4719593397556041
334,334,1.1989078242933373,0.16960216816682605
335,335,1.288590680554118,0.35752222739286266
336,336,1.1856197588921757,0.43339310390824926
337,337,1.195619553416157,0.04094159471688652
338,338,1.2700109609737311,0.34453137412058377
339,339,1.2020370237391047,0.3167831471463063
340,340,1.1830936239111003,0.15428392220926535
341,341,0.9089510507358087,0.06891311759692398
342,342,1.0783785459775186,0.08746802320824143
343,343,1.2488179765231984,0.24230635497577824
344,344,1.2603889610313732,0.33629180618805643
345,345,1.0417887411843694,0.14421600292520065
346,346,0.9455659372980206,0.1965655725156883
347,347,1.262166752244331,0.10790342499734029
348,348,1.1873907868830584,0.32709959958957757
349,349,1.2479868745924638,0.18916303090314335
350,350,1.1818420998124748,0.2750754595017879
351,351,1.1953333034311369,0.18183078212441073
352,352,1.144227887263952,0.14240633969889194
353,353,1.1683029564547724,0.1319664727602885
354,354,1.050802833050708,0.07808984999619284
355,355,1.0700772602869002,0.03274200494595014
356,356,1.2373927797303628,0.09705992083104498
357,357,1.09646895705097,0.17706995476016507
358,358,1.0996009112702354,0.15973053731260878
359,359,1.1104013873243157,0.05450989795291106
360,360,1.060264334007544,0.3217737528306506
361,361,1.0584702792431508,0.027136913155229703
362,362,1.19715666991821,0.026395556050114788
363,363,1.0465638800708175,0.37318839196098796
364,364,1.1041829005820858,0.24064554756576317
365,365,1.5041479055267177,0.766500382688911
366,366,1.1992874263893263,0.5735958007387381
367,367,1.2394074747843498,0.16942550841179038
368,368,1.3287371314660066,0.38998535013362057
369,369,1.1105020908365468,0.1725994490746805
370,370,1.0542398798037922,0.22336829256672974
371,371,1.2848460864349893,0.6702468284659258
372,372,1.264148177785093,0.2834141662076397
373,373,1.0633979093778878,0.03217036084145786
374,374,1.1856962890053386,0.5305941312723221
375,375,1.3627372196704892,0.024926183971170524
376,376,1.2779331773657667,0.513436527736574
377,377,1.0841731194914257,0.3701235601461037
378,378,1.097877218972125,0.14071111077275944
379,379,1.0198943576957715,0.02216121308513097
380,380,1.0949754671432341,0.11657483246271028
381,381,1.1115162604759423,0.45680358189041703
382,382,1.156209962886215,0.41091738930136223
383,383,1.0619780665429859,0.14629163737571815
384,384,1.221128675640479,0.1384501983746418
385,385,1.118112771158862,0.2805899021433036
386,386,1.2163352366757836,0.18720049419979556
387,387,1.1882702921454564,0.3582882891274428
388,388,1.1646342264030738,0.5844032952570481
389,389,1.0471043090699594,0.20434461009960625
390,390,1.1506539554659048,0.10715224750719843
391,391,1.073851399536955,0.14298205848640855
392,392,0.9696880236312099,0.069744341229657
393,393,1.0992732514412085,0.07856177535677489
394,394,1.1453404788825414,0.1084645375299127
395,395,1.0719016526685123,0.09791569355883034
396,396,1.3079342818088513,0.529833259788131
397,397,0.9572625425441968,0.11849230797694998
398,398,1.1309647163324204,0.17630503925355034
399,399,1.2229810736596654,0.32554847742391857
400,400,1.21423230407637,0.48049576980895514
401,401,1.5250618940100673,0.7315454831700996
402,402,1.3106400819584503,0.3594172452195461
403,403,1.2468530310739505,0.5252707339491769
404,404,1.2308617231294123,0.5186577771605183
405,405,1.2020611362788867,0.18031660609740374
406,406,0.9333578823657818,0.04310015189024563
407,407,1.1582886701719204,0.02068852081841044
408,408,0.9671412758153562,0.31113339633334647
409,409,1.080397578504331,0.3708809199417691
410,410,1.2769855751927428,0.2916649941902931
411,411,1.7170998513556777,0.636698469589223
412,412,1.114737346530118,0.016836456596270644
413,413,0.9930597642508703,0.09162151855068279
414,414,1.3258225491824984,0.10092451940215774
415,415,1.2660039034213486,0.3831869919250255
416,416,1.2198249064702482,0.15304088148665373
417,417,1.079706161368634,0.011432687142970188
418,418,1.2202517108984259,0.141021802960271
419,419,1.251831486145798,0.5627488965718626
420,420,1.0631965143122233,0.04633692313117699
421,421,1.139347335891119,0.06582310217884935
422,422,1.2369743615769133,0.10867136234747443
423,423,1.1345855448871363,0.002614890409571302
424,424,2.416894542694398,2.197210488196986
425,425,1.0106277430155222,0.1514165262079188
426,426,1.0588954192656919,0.3008759456528254
427,427,1.091384731330955,0.0874601475638257
428,428,1.554135976118169,0.9836537421503273
429,429,1.1930760556548559,0.5069383895678641
430,430,1.250325018570995,0.025487679261031015
431,431,1.0071635187646504,0.23751006500296068
432,432,1.1904282799114965,0.6981336141216667
433,433,1.1888075188996408,0.3831842103478613
434,434,1.2151735456559272,0.08219292799793587
435,435,1.0418606330858398,0.13893870285571674
436,436,1.0862462256133065,0.26405238983511037
437,437,1.133565367012649,0.40624640924916244
438,438,1.2425470596454802,0.4121838494465222
439,439,1.1333605468445207,0.4667503761134584
440,440,1.791386474170882,1.5907594648412449
441,441,1.2679825255226462,0.2781467415708634
442,442,1.1464299269527645,0.08037495161703445
443,443,1.2403728514687418,0.16756206592470635
444,444,1.102829056608443,0.032342097764569644
445,445,1.1344515296407796,0.41786807987310537
446,446,1.218130621673125,0.6944197624952642
447,447,1.3059987523982122,0.2110261941542455
448,448,1.0878554186558065,0.04733649791485739
449,449,1.2380524314276018,0.503463527756256
450,450,1.239162942737495,0.1340009686800352
451,451,1.2086492649310945,0.2828832991210293
452,452,1.3012663807410858,0.07537661746567048
453,453,1.3986658284419198,0.9065687806314986
454,454,1.1226151140975578,0.23627275865881492
455,455,1.2627927752641788,0.030102092678989667
456,456,1.359498374769733,0.09604081075905668
457,457,1.2293558815062673,0.2171948321310886
458,458,1.1544554615277867,0.7640133280810097
459,459,1.950848985460352,1.3843548105848407
460,460,1.3326055276091786,0.2812420816777621
461,461,1.1619942260168417,0.00411013368927815
462,462,1.183176043519334,0.14366934825589528
463,463,1.1180854670271076,0.4241535227685014
464,464,1.0530999344184782,0.2435565015650436
465,465,1.5918154854085567,0.5293644907375672
466,466,1.2449204777150855,0.4345664059805996
467,467,1.1995977540722467,0.247298611395677
468,468,1.2014131968309913,0.2094515521315028
469,469,1.106661889517853,0.6387133814202639
470,470,1.2252703254903392,0.4208332821339602
471,471,1.1533859099532004,0.5810910669660223
472,472,1.1110664266466992,0.16267153869847029
473,473,1.2548618487531629,0.2525518021692954
474,474,0.9526244781885517,0.020391268637310667
475,475,1.0227367761709643,0.22817895200811877
476,476,1.217466820465199,0.3930879072643809
477,477,1.3018652151910524,0.02176178447540833
478,478,1.086579093443146,0.08235796115282756
479,479,1.249256073451517,0.5574908761067303
480,480,1.0163679484892951,0.23849643060335435
481,481,1.0839245341092316,0.17617325577085463
482,482,0.9847704494389931,0.008256644358013876
483,483,1.1301447083947243,0.18600870708728845
484,484,1.081199574489716,0.41387721209502315
485,485,1.0331980318599114,0.02047572013059007
486,486,1.1381393265853605,0.053746984954891275
487,487,1.2395150870088665,0.4754148917707699
488,488,1.249898092438154,0.26314636737004893
489,489,1.2706294460649141,0.4222476865486682
490,490,1.2000663814944859,0.6361326810360488
491,491,1.165598200137161,0.012831035495193266
492,492,1.0395880957088752,0.19858672309849634
493,493,1.3015341974644734,0.6308795482205234
494,494,1.1413868960600226,0.39453554268195123
495,495,1.2120989884575362,0.3922771762695252
496,496,1.129416595048175,0.05737067857405531
497,497,1.2237292126603678,0.31730727457170715
498,498,1.2293196206764936,0.3696852679877147
499,499,1.2847666655792875,0.8421027401067267
500,500,1.160873982662339,0.12859299059598017
501,501,1.1018308949879858,0.25149773188185787
502,502,1.0210623320300372,0.07914098068518705
503,503,0.9750943429583413,0.18322184958045273
504,504,1.2523583701219,0.2957071318407647
505,505,1.1104703196759047,0.26191550949740083
506,506,1.2080980122638665,0.35556570454514347
507,507,1.2045972326024847,0.5332925494674168
508,508,1.0682296152595534,0.46015431228188275
509,509,0.9279391373715569,0.1681881093856088
510,510,1.1971566630941213,0.2069153410796587
511,511,1.1304472838744508,0.13799734671452146
512,512,0.9921066803620637,0.04789833076737615
513,513,1.0702855420147996,0.026895836256891847
514,514,1.3132944685708716,0.09538829123707115
515,515,1.1822925048485577,0.36179471133885244
516,516,1.0695271247808242,0.37462122178670354
517,517,1.1452889160090005,0.4895187531129528
518,518,1.803214994192643,1.3680230645932259
519,519,1.0976575599755125,0.115416264128827
520,520,0.9592877075238168,0.055073345532858475
521,521,1.2455797768556804,0.6153475948357885
522,522,1.1362605398967223,0.12045227263714509
523,523,1.348124795228302,0.27924034792349817
524,524,1.7393426280388715,1.0027009624150587
525,525,1.5458438802443961,0.18830954330519667
526,526,1.1682075774639258,0.0803001557958063
527,527,1.2073527822736605,0.2629732444203139
528,528,1.0572591191362881,0.0959798250094992
529,529,1.0744044646713151,0.15208976655039574
530,530,1.2830078456591472,0.4152597226393939
531,531,1.2348163581832154,0.30810222411960586
532,532,1.1632471936840532,0.35339532022504594
533,533,1.136823859472924,0.2314165489583795
534,534,1.3020589564343896,0.09228268507899351
535,535,1.1146279646318578,0.3627059813133253
536,536,1.0408643276468585,0.14503919968942336
537,537,1.1521085025645108,0.4833824814498002
538,538,1.2095612916902971,0.46132009130277973
539,539,1.056164645806404,0.19056862618835702
540,540,1.445487395418425,0.6503401545334144
541,541,1.0817182429796395,0.03774606507888745
542,542,1.053698089871184,0.014138792429554847
543,543,1.0454752468264892,0.2047906203656713
544,544,1.1549987717087469,0.032827640461519536
545,545,1.1749653052266325,0.3131303255286175
546,546,1.214189660555555,0.2980090826917663
547,547,1.2182431810185035,0.3603060948189025
548,548,1.1538064212916055,0.44579062443993456
549,549,1.0838314569340193,0.14799589828209925
550,550,1.20352142222476,0.20793098924467612
551,551,1.1934433339479151,0.04291921873684723
552,552,1.2366790373577676,0.10008348351109841
553,553,1.079857388816661,0.12384663189795386
554,554,1.0247263706971697,0.08081706816325873
555,555,1.0636937659794807,0.19983613612428242
556,556,1.2522905131630029,0.5746707270463784
557,557,0.9597951230657442,0.11582878912911188
558,558,1.1995803537732344,0.2540548407121337
559,559,1.2169637056780176,0.16491032543701545
560,560,1.222630449743282,0.3874556217715406
561,561,1.2915310209646866,0.09208382978614527
562,562,1.2332087415223991,0.4567686363261183
563,563,1.0728070314277411,0.08363035230701144
564,564,1.1860042319202564,0.2585018307088953
565,565,1.034784509212053,0.10956147843940167
566,566,0.9885478322159829,0.41114726076534147
567,567,1.0252288181496518,0.10603258404315419
568,568,1.3514860568028777,0.856330107430805
569,569,1.239679960330711,0.8344181696388082
570,570,1.352051162443346,0.5500202401906349
571,571,1.1938950695171024,0.08484072767362827
572,572,1.2794187569174544,0.20547147223619522
573,573,1.2496343775971255,0.4429377800565386
574,574,1.2703452011077254,0.4457536651055327
575,575,1.1894751161792212,0.016910100890728863
576,576,1.2319083114957308,0.4254240863242442
577,577,1.0752841610231356,0.37097248679098893
578,578,1.0832430638850352,0.02720115273142909
579,579,1.1913929324553765,0.3785767027973783
580,580,1.3342290427205352,0.15793526076906295
581,581,1.256928499944601,0.019246140850437854
582,582,1.1987647967770247,0.4810862321847096
583,583,1.10277157922473,0.3347306250917774
584,584,1.1799452479318888,0.004481665987188244
585,585,1.0860646523723452,0.07298667217645827
586,586,1.3421644429272308,0.28251101042758986
587,587,1.173451005901074,0.11684923214796505
588,588,1.2426062843931174,0.7018374334800432
589,589,1.1384971243812323,0.10652941993519516
590,590,1.0821794935481053,0.61913114968947
591,591,1.4153223770910424,0.04132784485016128
592,592,1.1852510830209237,0.32970167449983867
593,593,1.2471820598738508,0.155808583788128
594,594,1.2246936616613955,0.5142229629056772
595,595,1.065987407085649,0.07479182681411567
596,596,1.0999181521473456,0.17077209831809448
597,597,1.1594480039333226,0.05736319288844527
598,598,1.121843028109462,0.2071690006498157
599,599,0.9916122819757047,0.02268397735880967
600,600,1.2485949383509458,0.42491951492982905
601,601,1.1505075365627344,0.08446310887226005
602,602,1.1860816659898166,0.07398257811369069
603,603,1.3537781254325831,0.09309491653204205
604,604,1.322560094634102,0.2118327487972249
605,605,1.084470754566764,0.208605375617958
606,606,1.2227015143408273,0.16222554135306444
607,607,1.1057496158526394,0.11994484206015521
608,608,1.2600121221750846,0.5359259751745733
609,609,1.4183015977277689,0.8538755819186705
610,610,1.2531043978846386,0.06079277587937604
611,611,1.2781053844636572,0.5812681216411257
612,612,1.065921503928736,0.03519143816508663
613,613,1.2936826250917743,0.08572082372546097
614,614,1.103718214866271,0.05820554916129472
615,615,1.1035001988571989,0.1703587218694893
616,616,1.1351316408929681,0.3582630100222315
617,617,1.1287848605367619,0.07725060747200097
618,618,1.2930074919650287,0.34063314100125286
619,619,1.1530857597853197,0.30920020053927777
620,620,1.0957839327214594,0.20839620681244275
621,621,1.0468024406243042,0.1697554902504259
622,622,1.1801258261362133,0.2930137201918188
623,623,0.9880794651705344,0.10522244090251531
624,624,1.0677895209336312,0.015634218383310028
625,625,0.9523425702379278,0.11626229787830944
626,626,1.2124936976862835,0.14178770372849847
627,627,1.3750322755258246,0.45333754019008987
628,628,1.2343069026784412,0.1475344590209562
629,629,1.2237168456144376,0.026656192654783695
630,630,1.392448549863559,0.8929569562873834
631,631,1.2150857919489833,0.13818345581920077
632,632,1.369940699621577,0.09305546557274802
633,633,1.1241761760927307,0.04329042934143601
634,634,1.2440506360858332,0.26804704396777934
635,635,1.1158673613314307,0.07731884932168409
636,636,1.1242472869882616,0.37713031771719496
637,637,1.0694195109538414,0.0851033545943296
638,638,1.1693508168044453,0.10944712437466642
639,639,1.055200345618274,0.30884878938579075
640,640,1.1853867913522682,0.391830046881938
641,641,1.2805257958737812,0.24441083539976383
642,642,1.2229050924379776,0.13513911050938665
643,643,1.1891903047940215,0.425466759233156
644,644,1.2178614816216908,0.39600357827338817
645,645,1.1094001515557324,0.14216739799712919
646,646,1.1543687183576807,0.14165648356951976
647,647,1.1005049157053164,0.38614901168983895
648,648,1.3898100484180793,0.8944325520899081
649,649,1.069002048474064,0.030629990288300046
650,650,1.0064033977113527,0.21098839938460312
651,651,1.2903345744411288,0.06281198305769653
652,652,1.0450616679607756,0.24349816565988158
653,653,1.1750215061773863,0.20291848739390161
654,654,1.5013809228916137,0.0884885893976004
655,655,1.1853827548206914,0.05368351575303487
656,656,0.9699312574973056,0.013525280800242179
657,657,1.1500659150495083,0.1268056420871928
658,658,1.1998641548764601,0.0729718086461375
659,659,1.0253741032355785,0.28602201267278904
660,660,1.483615582177208,0.03634866888975008
661,661,1.2068176479386759,0.8189529549179184
662,662,1.2204124449131015,0.001978859521458709
663,663,1.4339122965026774,0.33482304417548203
664,664,1.0937179376521837,0.1953625403391075
665,665,1.080964682618998,0.09362209797855492
666,666,1.181250098157899,0.09166630265658338
667,667,1.0560568114209186,0.47461651066445043
668,668,0.9348888079436535,0.21936094837577214
669,669,1.3521756675384367,0.17097839176904817
670,670,1.127515126561693,0.16191286037115749
671,671,1.1232721578433513,0.29846344390121304
672,672,1.2468213748031092,0.6018165983151671
673,673,1.2208746435341131,0.1536540969653437
674,674,1.0903474723261888,0.3797825523189897
675,675,1.186609141909074,0.28785610282659
676,676,1.103003050183289,0.033200078012014966
677,677,1.0821772823576408,0.3549883402811367
678,678,1.2203298146507298,0.42420924913561997
679,679,0.9957831326653125,0.321853203089598
680,680,1.0646318464742066,0.054776141902567854
681,681,1.1667771829947404,0.4391056535873088
682,682,1.2222292528567693,0.1148664566162636
683,683,1.102380540937517,0.05021069165943581
684,684,1.1316226183168836,0.1119042300501647
685,685,1.04465371205593,0.15162873743353122
686,686,2.5383010831045474,2.4215664714309715
687,687,1.1982311984636393,0.09912384192379653
688,688,1.2372595551188241,0.016804112775994362
689,689,1.198588883842328,0.3365741904190682
690,690,1.3209844517529379,0.6791774265046593
691,691,1.0142387895212022,0.1401364877184137
692,692,1.1635863179576438,0.12721897478318
693,693,0.9932554763837151,0.13279446524524774
694,694,1.1369497419471433,0.3618724370148376
695,695,1.0546816463199307,0.19862597755718925
696,696,1.365778830016224,0.14808760435950274
697,697,1.5217749762994288,0.9279341568530914
698,698,1.101673408712189,0.17972830859764954
699,699,1.0925960746028662,0.20412616641656944
700,700,1.3074089986743551,0.14141545694271151
701,701,1.090398472397067,0.29745862614068175
702,702,1.1336528148906007,0.08712842814606558
703,703,1.2127348588064584,0.4656462827298262
704,704,1.3538795148574,0.006804606721865891
705,705,1.1821028415055794,0.297288242010989
706,706,1.134569997661566,0.23857682348865472
707,707,1.2493399150683493,0.05874120332731536
708,708,1.0975410696279657,0.06180312776403518
709,709,1.329043959287574,0.1357851306515081
710,710,1.2054762062176185,0.37458462819598815
711,711,1.2664563957292871,0.24170999222133283
712,712,1.0348048035032984,0.10566765715197768
713,713,1.0815386993499558,0.3317768594076047
714,714,1.0323819860415917,0.07523427716935416
715,715,1.2740524094902692,0.5529414188515704
716,716,1.2770186617513424,0.20257347856694352
717,717,1.0365774026404355,0.04209466274792817
718,718,1.4197836772462273,0.7867973585014734
719,719,1.1768140238305242,0.28993931092109015
720,720,1.1983216210654506,0.2007880797799464
721,721,1.1285780945539798,0.2721706564698918
722,722,1.2539964880807948,0.08376568823166775
723,723,0.977089142077297,0.12576927287104578
724,724,1.3815606809350494,0.39107843495771544
725,725,1.1202687980335215,0.4151611982545327
726,726,1.2581637279772226,0.611844692156589
727,727,1.255739718890331,0.23442360867908674
728,728,1.3156814337074558,0.5589374160952234
729,729,1.0916606732605811,0.21877069454850684
730,730,1.3783077263633245,0.5592752103215601
731,731,1.184100394480523,0.005377754504563015
732,732,1.2134066285881548,0.06399528367480123
733,733,0.9735463011513249,0.10123787159599695
734,734,1.2565045281062572,0.48043732442742293
735,735,1.2403847123765905,0.05549029391258298
736,736,1.1721192505639129,0.13819494693633105
737,737,1.165651129657031,0.4023824152111479
738,738,1.7976036796335606,0.7290300437709107
739,739,1.0776674199779945,0.3956462532065119
740,740,1.1297965431769126,0.07936168905649499
741,741,1.0887829342655235,0.0807105165268589
742,742,1.070938534300447,0.3235891857896105
743,743,1.19290461704639,0.5659374358866822
744,744,1.2368622018617563,0.18419850506711022
745,745,1.1626233043454273,0.19226354973703907
746,746,1.2727693580148565,0.5459372523695949
747,747,1.121471634028995,0.2826719834191649
748,748,1.1491317315839424,0.43782153435603766
749,749,1.2288827664613524,0.332473617255153
750,750,1.0375439321644244,0.10996325335516843
751,751,1.0708074266310093,0.16933398159360014
752,752,1.1136456228601384,0.06279628338624565
753,753,1.208788875400284,0.34031481908426153
754,754,1.1247307369508537,0.2139941222003432
755,755,1.1177583731273453,0.018054498073502234
756,756,1.044579444090175,0.07722952849446063
757,757,1.021616721646948,0.3360315360365309
758,758,1.1658049651284719,0.38925551389557356
759,759,1.2815180195591935,0.5365353964092359
760,760,1.0644439218164299,0.43815802554441774
761,761,1.3284218475135103,0.5949907990074124
762,762,1.1962343892786698,0.12117548175188197
763,763,0.9355899748541955,0.14415328432140484
764,764,1.2452879653395719,0.31076991214208327
765,765,1.2068817905842837,0.4179899606184141
766,766,1.1097293051446038,0.05476427620830293
767,767,1.1706650764961004,0.05284987495002813
768,768,1.1410703021036759,0.059944578228825485
769,769,1.804479371244574,1.553228540668472
770,770,0.9812200858678407,0.18624625850026932
771,771,1.2837271328852575,0.06634223811187923
772,772,1.1837015429623658,0.35504618588535575
773,773,1.293087723373947,0.5259415075617895
774,774,1.2675758799774344,0.4878584007191096
775,775,1.2153006200370895,0.1950379375956115
776,776,1.2597007166216863,0.25113070227564327
777,777,1.1509608267252134,0.37315314499740415
778,778,1.0295357862540873,0.3547772352015448
779,779,1.051771576335215,0.19593667759277
780,780,1.6564736940359195,0.6503205105362446
781,781,1.1678437270988071,0.04744189197961868
782,782,1.0750586939130742,0.19839499509393121
783,783,1.571994308183806,0.8601956822141421
784,784,0.9357324387991363,0.044633531110448654
785,785,1.0025723493527214,0.017361619610215318
786,786,1.059762031048288,0.10297466100692265
787,787,1.1582094230503779,0.017935178746784075
788,788,1.0241293491880947,0.33938417846527047
789,789,1.245475588174196,0.06984509760355007
790,790,0.9531100584585448,0.05942003936237095
791,791,1.3477504471439212,0.15225119435679124
792,792,1.2456188435547786,0.20272919602794914
793,793,1.1442944452091546,0.22841457985533298
794,794,1.096888755963211,0.46163660628067893
795,795,0.9930395574500847,0.34388764564166996
796,796,1.0718454130502517,0.0659083423168152
797,797,1.3515801918257746,0.071122147450847
798,798,1.1338147923593942,0.2111852752713652
799,799,1.1732372950979713,0.2837370087446942
800,800,1.2548166714336655,0.23924144764133448
801,801,1.0806111222365724,0.018626810376375147
802,802,1.299056984565668,0.13183115882269236
803,803,1.00238566995448,0.09513394581963563
804,804,1.0330521089625408,0.2555881935557669
805,805,1.1363372613021034,0.44357319096276404
806,806,0.9860074506339288,0.09141678652757212
807,807,0.9322004126479128,0.25083989300010856
808,808,1.0751105483260033,0.19774153610897205
809,809,1.1641089995547729,0.06975830784462822
810,810,1.1697219564357928,0.0948241371123606
811,811,1.077091856259581,0.21752043378827723
812,812,1.277684610119659,0.660497121807075
813,813,1.0697521787693731,0.13207116922297146
814,814,0.9463144894571038,0.15526295249943933
815,815,1.0938243308282618,0.15492805088156292
816,816,1.1762004551365608,0.14373555264228655
817,817,1.2632495686034895,0.7551767527485946
818,818,1.243426235222946,0.8766638044715691
819,819,1.0629857246410213,0.16908757837989175
820,820,1.1243096005913673,0.08265157991451755
821,821,1.0313639736538418,0.17453220937887615
822,822,1.1294647274795115,0.30547181948682667
823,823,1.1810648068618967,0.3410254801009187
824,824,1.1325651628407867,0.04446661867913093
825,825,1.438572642085655,0.2362523773585572
826,826,1.1797222710994109,0.09525597790461582
827,827,1.2338572456866819,0.3575301219404068
828,828,1.531586716285114,1.1404642219392618
829,829,1.116369635873164,0.21036151180181806
830,830,1.1072613914939078,0.024733720399390258
831,831,1.176672595274893,0.1580229369021504
832,832,1.2441770464771642,0.4695992354219549
833,833,1.193341336910897,0.3887263747155201
834,834,1.013875115983456,0.010828347360730461
835,835,1.028922579562324,0.06541366012597027
836,836,1.1806249645387754,0.38110696030015845
837,837,1.1524852978486726,0.044925823880500815
838,838,1.1346893705718528,0.33461342690050744
839,839,1.1035982157705746,0.3216319484298973
840,840,1.0984243167816503,0.04457901123798713
841,841,1.0688688335365797,0.4151307248150662
842,842,1.0161808725650552,0.24160934496689723
843,843,1.1397672226452653,0.15035642345838518
844,844,1.3506674919251256,0.5217110434944874
845,845,1.09040490680906,0.05002552095477597
846,846,1.282851543137373,0.0750993843202501
847,847,0.9774810815960986,0.147993911616223
848,848,1.2343909319040909,0.0760556232868832
849,849,1.0851711253888146,0.16178503619330487
850,850,1.2135576058870827,0.07231061620274648
851,851,1.2540351990978649,0.1238771976977584
852,852,1.2309955563836807,0.5484699065758747
853,853,1.1889394474673787,0.4872617094381808
854,854,1.1793032020885579,0.004625601312297611
855,855,1.2007292070118747,0.8057676825463775
856,856,1.162693709688374,0.17684647097484119
857,857,1.190054488503933,0.2126209240319974
858,858,1.062290573023258,0.3448752977453102
859,859,0.8898167315426936,0.16252347026298963
860,860,1.1617175633466812,0.5604224703755767
861,861,1.2352470303919534,0.10668706709861464
862,862,1.1304093770540933,0.09352197422480168
863,863,1.228336180801062,0.3571777116626813
864,864,1.222851903539545,0.35648726798081265
865,865,1.0614975616333968,0.35773113360111974
866,866,1.268918195514647,0.1979215619324659
867,867,1.2746043604888515,0.0968430440966701
868,868,1.130922357168566,0.41650131440190563
869,869,1.1039837034728452,0.10446760218016937
870,870,1.0196648919444655,0.06223326418839248
871,871,1.0572657426490337,0.08450288752882429
872,872,1.1211727630590491,0.01657325343552607
873,873,1.0909795745285302,0.09737000781369698
874,874,1.0553333219071857,0.2951221936055761
875,875,1.164470798417826,0.2175335914146932
876,876,0.9754492988475003,0.10743306753653448
877,877,1.2464803033277105,0.3204611650000331
878,878,1.0844732134743218,0.13012112583116986
879,879,1.1628177450108903,0.4690895660200116
880,880,1.3679534927717416,0.5159139251247833
881,881,1.1945214649268148,0.32951037272631956
882,882,1.3365144506143425,0.31041838196729055
883,883,0.9304758373890788,0.09590185518672145
884,884,1.073615598197876,0.003130479987043522
885,885,1.1605240817923017,0.18682715200966404
886,886,1.3698408865930078,0.5449081465710099
887,887,1.1541049586975471,0.16877839624056978
888,888,1.2694546214576383,0.4527561087226344
889,889,1.1795747019951033,0.39236978493459373
890,890,1.0968227082627215,0.09676078342351735
891,891,1.2336031418496005,0.3712778486002537
892,892,1.2079585783861786,0.037019040812882764
893,893,1.2253959955944163,0.48856276400204557
894,894,1.0265575743285167,0.15058459778314504
895,895,1.0728095952598558,0.23498025971323955
896,896,1.3368128310314633,0.07358167338764643
897,897,1.2504547300586684,0.06573396217477079
898,898,1.303998456850445,0.4641701725053329
899,899,1.4751338897305295,0.424154884842908
900,900,1.1641266275206887,0.11175445941068851
901,901,0.9697803575346944,0.07216667853129533
902,902,1.2647356759815924,0.3552020294685865
903,903,1.2603884533447152,0.27656446337326823
904,904,1.2054443611870769,0.001151525900714212
905,905,1.3715416240147624,0.7245384389691454
906,906,1.0457588325548535,0.08883147530455826
907,907,1.0741323462565504,0.30259625631632625
908,908,1.240728371636254,0.2056742272675547
909,909,1.1426397887293231,0.6711622838736861
910,910,1.2548138767185042,0.4376791777848301
911,911,1.1900535745299659,0.011031496322935652
912,912,1.1266980133803206,0.10367102189175448
913,913,1.1734916196251635,0.21378038309322456
914,914,5.061037915049177,5.061037915049176
915,915,1.175183698927733,0.09073442304728996
916,916,1.2532392373128698,0.19819160961991056
917,917,1.0967232283706307,0.11413340353239931
918,918,1.0869858840827995,0.2274945001900286
919,919,1.325326801588596,0.23503511780727138
920,920,0.9572669109840966,0.03622813169339523
921,921,1.1510099536328078,0.16796304769275316
922,922,1.1949731316716214,0.0025412253224224024
923,923,1.1715903165949133,0.2908601291479327
924,924,1.1964554102912055,0.2459739861441803
925,925,1.2319859818451209,0.7012862538019378
926,926,1.3537784649545133,1.024932099936108
927,927,1.1180459629342563,0.2521523703809896
928,928,1.2241190776044004,0.3087787853566919
929,929,1.257899867899729,0.12332255651740809
930,930,1.0978781488552318,0.32886768191989546
931,931,1.048587289997731,0.43247531464826316
932,932,1.1706384750143188,0.2869663138699199
933,933,1.219816458776181,0.5848291440224105
934,934,1.202922020962466,0.026136037727267247
935,935,1.1684503741637702,0.6284254221994185
936,936,1.290484979146212,0.16013665365990315
937,937,1.2800115409536816,0.339730355865421
938,938,1.2728172997590284,0.07220010585160175
939,939,1.2527953149598008,0.07273799127874803
940,940,1.137649785713366,0.06160936250151394
941,941,1.2121310481114151,0.07664760032196805
942,942,1.2119732676239818,0.02025920647059465
943,943,0.9903061740060881,0.2784070542313475
944,944,1.0205026143856575,0.04260033412858366
945,945,1.2935939695396421,0.04984053735690619
946,946,1.1849905883412728,0.3877538855206901
947,947,1.2540710204030794,0.2786271620170653
948,948,1.0761586202027857,0.19774771747530817
949,949,1.1392575872265038,0.1165996831737699
950,950,1.3134207398275688,0.1969293211131804
951,951,0.948683684644922,0.10821631058350611
952,952,0.9580571689714759,0.27263280069394025
953,953,1.2562350275432508,0.22941476269291838
954,954,1.0582680135554028,0.14029144541220795
955,955,1.24732887061771,0.41726635844469495
956,956,1.0249224921457916,0.14755696642514948
957,957,1.2622109724630772,0.22209236825219492
958,958,1.2193510535816423,0.5431008411487581
959,959,1.1380862296653844,0.12111548531786864
960,960,1.1081600789919333,0.24152304534118318
961,961,1.0936113389281443,0.04343163875985567
962,962,1.072852027869476,0.14307214204317154
963,963,1.1886183316031094,0.30881992947510684
964,964,1.174936867194712,0.4124317479945252
965,965,1.3694480689954123,0.7166541102627773
966,966,1.1035280772878033,0.010589332205052315
967,967,1.1268174529463462,0.14023734072954053
968,968,1.292790176755312,0.45079828169735636
969,969,1.3320373850990208,0.10663746850004951
970,970,1.425116567422603,0.7788715711458543
971,971,1.2685262025242674,0.31727913417143316
972,972,1.1494480281924169,0.1738065208822408
973,973,1.1808067069806663,0.4492761550084108
974,974,1.285933396177518,0.028147654295208824
975,975,1.0058524421418034,0.09811725232951352
976,976,1.0262816369681438,0.05804815935791208
977,977,1.2118239025171824,0.2219634656159002
978,978,1.0747058653749524,0.19703409754039658
979,979,0.9760444825311402,0.3047524633530805
980,980,1.2187425209303693,0.24521185919049593
981,981,1.0722429335972248,0.1812022003296594
982,982,1.1157848881639518,0.21533048423233714
983,983,1.071304951246833,0.0022785124415589664
984,984,1.1216849102565754,0.23011453357195943
985,985,1.1465821787482795,0.3242697439020126
986,986,1.3536318306544506,0.2697459013078438
987,987,1.1659640530525148,0.2721716416532667
988,988,1.1868543809102108,0.15306696014625842
989,989,1.1232108625455322,0.19500151241785924
990,990,1.2539428886011734,0.10111366049726112
991,991,1.0493797600074786,0.3883129539046397
992,992,1.193580757053958,0.6278884256811614
993,993,1.1583867873504483,0.10862922128679653
994,994,1.1805212540317473,0.24420028643704716
995,995,1.2125765841070157,0.1958851188552968
996,996,1.0210920894580786,0.08185387907070307
997,997,1.3678871406440878,0.15064715898308023
998,998,1.0825689037122779,0.06851492563616324
999,999,1.2761904568867084,0.5026589757020683
