,Treatment,true_ite,predicted_ite,diff_ite,yf_true,ycf_true,yf_hat,y_cf_hat,diff_yf
0,1,4.506945974,4.0,0.5069460868835449,9.066117627999999,1.9966520730000001,6.0,2.0,3.066117286682129
1,0,4.367177880000001,4.0,0.36717796325683594,3.1087757889999996,6.974397134,2.0,6.0,1.1087758541107178
2,0,2.491481318000001,2.0,0.49148130416870117,5.969377035,8.788716204,4.0,6.0,1.969377040863037
3,0,3.839012411,3.0,0.8390123844146729,3.51280458,6.642391332000001,3.0,6.0,0.5128045082092285
4,0,4.169193506999999,4.0,0.16919374465942383,0.502374578,6.639811101,2.0,6.0,1.4976253509521484
5,1,4.069998375000001,4.0,0.06999826431274414,5.042679691,2.361596761,6.0,2.0,0.9573202133178711
6,0,3.9138192769999995,3.0,0.9138193130493164,1.736313596,6.294167449,3.0,6.0,1.2636864185333252
7,0,3.6698162859999996,3.0,0.669816255569458,2.576190028,5.3012591360000005,3.0,6.0,0.4238100051879883
8,0,4.176489471,4.0,0.17648935317993164,1.84258309,4.949536909,2.0,6.0,0.1574169397354126
9,0,4.225847042,4.0,0.2258472442626953,1.734473149,6.967970416,2.0,6.0,0.2655268907546997
10,0,3.927806231,3.0,0.9278061389923096,3.8781258010000004,6.338743478,3.0,6.0,0.8781259059906006
11,0,4.304433498,4.0,0.30443334579467773,-0.215901519,6.018299927999999,2.0,6.0,2.2159016132354736
12,0,4.528324942,4.0,0.528325080871582,1.470010078,7.000989197999999,2.0,6.0,0.5299899578094482
13,0,4.600537199,4.0,0.6005373001098633,2.624395067,7.426844328,2.0,6.0,0.6243951320648193
14,1,4.6701246439999995,4.0,0.6701245307922363,5.022862116000001,-0.442242796,6.0,2.0,0.9771380424499512
15,0,4.5694539690000004,4.0,0.5694541931152344,1.028770687,6.158913693,2.0,6.0,0.9712293148040771
16,1,4.029681088,3.0,1.0296812057495117,7.748988634,5.146076948,6.0,3.0,1.7489886283874512
17,0,4.666354814000001,4.0,0.6663546562194824,0.34662036799999996,6.733539436,2.0,6.0,1.6533796787261963
18,0,4.174788982999999,3.0,1.1747889518737793,2.269522862,6.0299167670000005,3.0,6.0,0.7304770946502686
19,0,4.434350329,4.0,0.43435049057006836,2.260457583,6.592172696,2.0,6.0,0.26045751571655273
20,0,4.547981626,4.0,0.5479817390441895,0.9482395290000001,5.760824789,2.0,6.0,1.0517604351043701
21,0,4.527527548999999,4.0,0.5275273323059082,2.39976029,6.549479965,2.0,6.0,0.39976024627685547
22,0,4.662679477999999,4.0,0.6626796722412109,-1.543902319,6.562592876,2.0,6.0,3.5439023971557617
23,0,1.663205732999999,2.0,0.33679425716400146,3.509245258,7.3942973720000005,4.0,6.0,0.4907548427581787
24,0,3.6492296130000006,3.0,0.6492295265197754,4.032054091,6.260938428999999,3.0,6.0,1.0320539474487305
25,1,4.657928181,4.0,0.6579279899597168,4.771232342,-0.298508907,6.0,2.0,1.2287678718566895
26,0,4.509761449000001,4.0,0.5097613334655762,1.8204933269999999,6.662912559,2.0,6.0,0.17950665950775146
27,1,3.6643909179999996,3.0,0.6643908023834229,6.175582562000001,2.298490101,6.0,3.0,0.1755824089050293
28,0,3.5077551999999996,2.0,1.5077552795410156,4.4987343730000005,6.522924867,4.0,6.0,0.4987344741821289
29,0,3.927806231,3.0,0.9278061389923096,2.430112651,6.307213592999999,3.0,6.0,0.5698873996734619
30,0,3.0426046750000006,2.0,1.042604684829712,4.214834775,6.24672661,4.0,6.0,0.21483469009399414
31,0,4.662679477999999,4.0,0.6626796722412109,0.40070872700000004,6.183102761000001,2.0,6.0,1.5992913246154785
32,0,3.233943101,3.0,0.23394298553466797,3.0491306000000002,6.85633198,3.0,6.0,0.04913067817687988
33,0,4.634210793,4.0,0.6342105865478516,2.5664987669999997,7.093203927,2.0,6.0,0.5664987564086914
34,0,3.8569156420000006,3.0,0.8569157123565674,2.3311050190000002,5.046286102,3.0,6.0,0.6688950061798096
35,1,4.668718799,4.0,0.6687188148498535,7.636709496,1.857130257,6.0,2.0,1.6367096900939941
36,0,4.657928181,4.0,0.6579279899597168,0.6894252959999999,5.556006425,2.0,6.0,1.3105747699737549
37,0,4.566636519999999,4.0,0.5666365623474121,-0.568745297,7.946876771,2.0,6.0,2.5687453746795654
38,0,4.457783610000001,4.0,0.45778369903564453,1.095347867,7.2853455689999995,2.0,6.0,0.9046521186828613
39,1,3.972274421,3.0,0.9722743034362793,6.115796046,1.6418203869999999,6.0,3.0,0.11579608917236328
40,0,4.364322131000001,4.0,0.3643221855163574,-0.236583291,7.637190199,2.0,6.0,2.2365832328796387
41,0,4.666240081,4.0,0.6662402153015137,1.283593412,4.057705614,2.0,6.0,0.7164065837860107
42,0,4.528324942,4.0,0.528325080871582,0.601225887,5.655027117,2.0,6.0,1.3987741470336914
43,0,4.457783610000001,4.0,0.45778369903564453,1.44911224,6.2518666529999996,2.0,6.0,0.5508877038955688
44,0,4.425051312,4.0,0.425051212310791,2.134797873,7.121717966,2.0,6.0,0.1347978115081787
45,1,4.088214,4.0,0.08821392059326172,5.2382062430000005,2.198745096,6.0,2.0,0.7617936134338379
46,0,4.206808953,4.0,0.20680904388427734,3.39945721,7.866433482000001,2.0,6.0,1.3994572162628174
47,1,4.249175751999999,3.0,1.2491755485534668,7.065180784,2.598881767,6.0,3.0,1.065180778503418
48,1,4.303025907,4.0,0.3030257225036621,5.924359234,0.485943254,6.0,2.0,0.07564067840576172
49,0,1.4913283129999995,1.0,0.4913283586502075,7.0451858220000005,8.243871037,5.0,6.0,2.0451860427856445
50,0,3.0339263160000005,2.0,1.033926248550415,4.600053863,7.143831786,4.0,6.0,0.6000537872314453
51,0,4.298392293,4.0,0.29839229583740234,3.649684391,5.727380144,2.0,6.0,1.6496844291687012
52,0,4.531704663999999,4.0,0.5317044258117676,1.4384829890000002,5.143269939,2.0,6.0,0.5615170001983643
53,0,4.668718799,4.0,0.6687188148498535,0.68615379,3.945346652,2.0,6.0,1.313846230506897
54,0,4.461074837999999,4.0,0.4610748291015625,1.76781723,6.248024112,2.0,6.0,0.23218274116516113
55,0,3.404713277999999,2.0,1.4047133922576904,3.945074883,6.294923718,4.0,6.0,0.05492520332336426
56,0,4.304433498,4.0,0.30443334579467773,3.076367752,7.554212395,2.0,6.0,1.0763678550720215
57,0,3.927806231,3.0,0.9278061389923096,2.573744785,5.146130503999999,3.0,6.0,0.4262552261352539
58,0,4.213750116,3.0,1.213749885559082,1.781803501,5.528447127000001,3.0,6.0,1.2181965112686157
59,0,4.400716933999999,4.0,0.40071678161621094,2.054759716,6.773372509,2.0,6.0,0.05475974082946777
60,0,3.3499551720000005,3.0,0.34995508193969727,6.420538116,6.531594486,3.0,6.0,3.4205379486083984
61,0,3.5681450720000005,3.0,0.5681450366973877,2.54038888,7.722013455,3.0,6.0,0.459611177444458
62,0,4.260668116,3.0,1.2606682777404785,2.48508732,6.659410539,3.0,6.0,0.5149126052856445
63,0,4.583551947,4.0,0.5835518836975098,1.329745453,6.51877964,2.0,6.0,0.6702545881271362
64,0,4.429727893,4.0,0.42972803115844727,2.762022187,5.102084714,2.0,6.0,0.7620222568511963
65,0,3.7183023720000006,3.0,0.7183024883270264,0.613518701,7.7630566110000006,3.0,6.0,2.386481285095215
66,1,4.600537199,4.0,0.6005373001098633,3.367979729,-0.38242682200000006,6.0,2.0,2.6320202350616455
67,0,4.080104918,3.0,1.0801048278808594,0.351678084,3.8778943139999997,3.0,6.0,2.6483218669891357
68,1,1.1199848270000006,1.0,0.11998486518859863,6.270642115,6.849374986,6.0,5.0,0.2706422805786133
69,0,4.50608059,4.0,0.5060806274414062,2.26443623,5.058128381,2.0,6.0,0.2644362449645996
70,0,3.0502062999999993,2.0,1.050206184387207,4.424743769,6.099551716000001,4.0,6.0,0.42474365234375
71,0,1.9660128669999999,1.0,0.9660128355026245,6.196468349,5.867851226,5.0,6.0,1.1964683532714844
72,0,4.635409286,4.0,0.6354093551635742,-0.33150150100000003,6.692782685,2.0,6.0,2.3315014839172363
73,0,4.5694539690000004,4.0,0.5694541931152344,0.178507521,5.347703403,2.0,6.0,1.8214924335479736
74,0,2.2668913040000005,3.0,0.7331087589263916,3.33876946,8.984475737999999,3.0,6.0,0.33876943588256836
75,0,4.336899510999999,4.0,0.3368992805480957,4.2304095660000005,7.61256121,2.0,6.0,2.230409622192383
76,0,3.6698162859999996,3.0,0.669816255569458,2.7068199269999997,8.89051077,3.0,6.0,0.293179988861084
77,0,4.657719204,4.0,0.6577191352844238,1.857145012,5.7201764410000004,2.0,6.0,0.14285492897033691
78,0,4.549636689,4.0,0.5496368408203125,0.385709674,5.052777185,2.0,6.0,1.6142903566360474
79,0,4.644387218999999,4.0,0.6443872451782227,1.5972381580000001,6.349694666,2.0,6.0,0.4027618169784546
80,0,4.213750116,3.0,1.213749885559082,2.4336951780000002,6.271094561,3.0,6.0,0.5663049221038818
81,0,4.249175751999999,4.0,0.2491755485534668,2.5772944069999997,6.257054243,2.0,6.0,0.5772943496704102
82,0,3.707067279,3.0,0.7070672512054443,2.9436100410000003,8.865050927,3.0,6.0,0.05639004707336426
83,0,4.453441214,4.0,0.45344114303588867,1.480014982,6.200937119,2.0,6.0,0.5199849605560303
84,0,4.260668116,4.0,0.2606682777404785,2.075278183,6.7091190460000005,2.0,6.0,0.07527828216552734
85,0,4.2210651,4.0,0.22106504440307617,3.584036174,6.372467878999999,2.0,6.0,1.584036111831665
86,0,4.434350329,4.0,0.43435049057006836,1.622114059,6.948792025,2.0,6.0,0.37788593769073486
87,0,0.9408552210000005,0.0,0.9408552050590515,6.253174542999999,8.393337867,6.0,6.0,0.2531743049621582
88,0,4.176489471,3.0,1.1764893531799316,3.608094297,5.855700243999999,3.0,6.0,0.6080942153930664
89,0,2.732963787000001,2.0,0.7329638004302979,5.162364443,9.018457523,4.0,6.0,1.1623644828796387
90,0,4.662679477999999,4.0,0.6626796722412109,3.068977175,4.124603137,2.0,6.0,1.0689771175384521
91,0,4.530918343,4.0,0.5309181213378906,1.92557436,5.435043832000001,2.0,6.0,0.07442569732666016
92,0,4.611913533,3.0,1.6119136810302734,1.4885128859999999,5.331710608,2.0,5.0,0.5114871263504028
93,1,4.073843287999999,3.0,1.0738434791564941,6.698659965,3.210349218,6.0,3.0,0.6986598968505859
94,0,4.509761449000001,4.0,0.5097613334655762,0.558776203,6.471721498,2.0,6.0,1.4412238597869873
95,0,4.225847042,4.0,0.2258472442626953,1.803771605,5.838865032,2.0,6.0,0.19622838497161865
96,0,4.029681088,3.0,1.0296812057495117,3.8996865339999998,5.741144126,3.0,6.0,0.8996865749359131
97,0,4.3352045839999995,4.0,0.3352046012878418,2.496809709,5.298666498999999,2.0,6.0,0.496809720993042
98,0,4.402200127,4.0,0.40220022201538086,0.9520024220000001,6.946099812000001,2.0,6.0,1.0479975938796997
99,0,2.8595591349999996,2.0,0.8595590591430664,2.73258385,7.384313718,4.0,6.0,1.26741623878479
100,0,4.547981626,4.0,0.5479817390441895,1.036208829,5.566850041,2.0,6.0,0.9637911319732666
101,0,4.131972415,4.0,0.1319723129272461,3.127704352,6.35882924,2.0,6.0,1.127704381942749
102,1,3.927806231,3.0,0.9278061389923096,5.38790122,3.517318923,6.0,3.0,0.6120986938476562
103,0,4.213750116,4.0,0.21374988555908203,2.044122312,5.4059602270000005,2.0,6.0,0.04412221908569336
104,0,4.547981626,3.0,1.5479817390441895,0.129260235,5.391279467,2.0,5.0,1.8707396984100342
105,0,4.611913533,4.0,0.6119136810302734,1.9339134740000001,4.705243629,2.0,6.0,0.0660865306854248
106,1,4.506945974,4.0,0.5069460868835449,5.8944175329999995,1.520921903,6.0,2.0,0.10558223724365234
107,0,4.485906163999999,4.0,0.48590612411499023,2.171467858,6.071988954,2.0,6.0,0.17146778106689453
108,0,4.6235829299999995,4.0,0.6235828399658203,2.910562961,5.812503198,2.0,6.0,0.9105629920959473
109,0,1.977065905999999,1.0,0.977065920829773,7.068151466000001,8.500508552000001,5.0,6.0,2.0681514739990234
110,0,4.624964379000001,4.0,0.6249642372131348,1.768284886,4.138410813,2.0,6.0,0.23171508312225342
111,0,4.598245982000001,4.0,0.5982460975646973,3.267119442,7.451492165,2.0,6.0,1.2671194076538086
112,0,4.457783610000001,4.0,0.45778369903564453,2.1430213080000002,6.561483355,2.0,6.0,0.1430213451385498
113,0,4.304433498,4.0,0.30443334579467773,1.274236076,4.642423336,2.0,6.0,0.7257639169692993
114,0,3.927806231,3.0,0.9278061389923096,0.5433258910000001,7.450606982999999,3.0,6.0,2.456674098968506
115,0,4.600004967,4.0,0.6000051498413086,1.3126241029999999,4.453708253,2.0,6.0,0.6873759031295776
116,1,4.169193506999999,4.0,0.16919374465942383,7.587765008,1.037790145,6.0,2.0,1.5877652168273926
117,0,3.3424747770000005,3.0,0.34247469902038574,3.569252987,7.426776117999999,3.0,6.0,0.5692529678344727
118,0,4.634210793,4.0,0.6342105865478516,3.176217757,6.416857768,2.0,6.0,1.176217794418335
119,0,4.482852222,4.0,0.4828524589538574,2.602322762,5.292147977,2.0,6.0,0.6023228168487549
120,0,4.545576258,4.0,0.5455760955810547,1.4685113459999999,5.800633052999999,2.0,6.0,0.5314886569976807
121,0,4.668718799,4.0,0.6687188148498535,0.08959562,4.2696625489999995,2.0,6.0,1.9104043245315552
122,0,3.419149573,3.0,0.41914963722229004,3.6621882639999996,8.993273924,3.0,6.0,0.6621882915496826
123,0,3.658194854,3.0,0.6581947803497314,2.271276635,5.974277097000001,3.0,6.0,0.7287232875823975
124,0,4.478821042,4.0,0.4788212776184082,3.0045184639999998,5.165659198999999,2.0,6.0,1.0045185089111328
125,0,4.4045164990000005,4.0,0.40451669692993164,1.950410991,7.9340372089999995,2.0,6.0,0.04958903789520264
126,1,3.3565065290000002,3.0,0.3565065860748291,4.750248374,3.8340638639999995,6.0,3.0,1.2497515678405762
127,0,4.5694539690000004,4.0,0.5694541931152344,2.6985681460000004,6.855313499999999,2.0,6.0,0.6985681056976318
128,0,0.37071916699999985,1.0,0.6292808055877686,7.193210272000001,7.517731086,5.0,6.0,2.1932101249694824
129,0,4.531704663999999,4.0,0.5317044258117676,0.084559409,5.821311303,2.0,6.0,1.915440559387207
130,0,4.662679477999999,4.0,0.6626796722412109,1.522918432,5.02260437,2.0,6.0,0.4770815372467041
131,0,4.6134770309999995,4.0,0.6134772300720215,0.49974080600000004,6.385830267,2.0,6.0,1.5002591609954834
132,0,4.634210793,4.0,0.6342105865478516,1.489083825,3.67929185,2.0,6.0,0.5109162330627441
133,0,4.2861241,4.0,0.28612422943115234,1.383943586,6.704363521,2.0,6.0,0.6160564422607422
134,0,4.265591187,4.0,0.2655911445617676,1.8842436390000001,4.5824690189999995,2.0,6.0,0.11575639247894287
135,0,4.583551947,4.0,0.5835518836975098,0.785504476,7.6778127860000005,2.0,6.0,1.2144955396652222
136,0,3.226004959999999,3.0,0.22600507736206055,4.177793226,7.001299327999999,3.0,6.0,1.177793025970459
137,0,4.644387218999999,4.0,0.6443872451782227,0.021098075,6.409135843,2.0,6.0,1.978901982307434
138,1,3.497893012,3.0,0.4978930950164795,6.468274395,1.625703586,6.0,3.0,0.4682745933532715
139,0,3.729448049999999,3.0,0.7294480800628662,2.475986759,8.168669466,3.0,6.0,0.5240132808685303
140,0,3.6492296130000006,3.0,0.6492295265197754,2.9855849119999998,6.712663881,3.0,6.0,0.01441502571105957
141,1,4.600537199,4.0,0.6005373001098633,6.255479883,1.218524889,6.0,2.0,0.2554798126220703
142,0,4.666240081,4.0,0.6662402153015137,2.074788644,5.744911687,2.0,6.0,0.07478857040405273
143,0,4.336899510999999,4.0,0.3368992805480957,2.0556096719999997,6.797227177999999,2.0,6.0,0.055609703063964844
144,0,3.1613371420000003,2.0,1.16133713722229,4.0241907260000005,8.311601708,4.0,6.0,0.024190902709960938
145,0,4.580964064,4.0,0.5809640884399414,0.33812119,5.687199228,2.0,6.0,1.6618788242340088
146,0,4.662679477999999,4.0,0.6626796722412109,1.881217801,5.552683647,2.0,6.0,0.1187821626663208
147,0,3.9604059870000006,3.0,0.9604060649871826,3.105479392,7.956480063,3.0,6.0,0.10547947883605957
148,1,4.5694539690000004,4.0,0.5694541931152344,7.89358577,2.532835601,6.0,2.0,1.8935856819152832
149,0,4.5694539690000004,4.0,0.5694541931152344,1.765129568,6.188119759,2.0,6.0,0.23487043380737305
150,0,4.176489471,3.0,1.1764893531799316,2.839737786,6.511126606,3.0,6.0,0.1602621078491211
151,0,3.729448049999999,3.0,0.7294480800628662,2.173077073,6.610632259,3.0,6.0,0.8269228935241699
152,1,3.7130574829999996,3.0,0.7130575180053711,6.857319052,2.743202632,6.0,3.0,0.8573188781738281
153,1,4.225847042,4.0,0.2258472442626953,4.884405191,2.035831332,6.0,2.0,1.1155948638916016
154,0,3.1766992310000006,3.0,0.17669916152954102,3.648291857,7.310893813,3.0,6.0,0.648291826248169
155,0,4.668718799,4.0,0.6687188148498535,-0.260075906,7.995685862999999,2.0,6.0,2.260075807571411
156,0,2.522164071999999,2.0,0.5221641063690186,6.889569244,6.85129246,4.0,6.0,2.8895692825317383
157,0,4.531704663999999,4.0,0.5317044258117676,0.129383572,3.210085191,2.0,6.0,1.8706164360046387
158,0,4.657928181,4.0,0.6579279899597168,0.629035882,6.925899945,2.0,6.0,1.3709640502929688
159,0,4.084429437,4.0,0.08442926406860352,2.0312118569999997,6.461688467,2.0,6.0,0.03121185302734375
160,0,4.482852222,4.0,0.4828524589538574,2.358915575,7.385491903999999,2.0,6.0,0.3589155673980713
161,0,4.371260048,4.0,0.3712601661682129,2.312626791,5.098190159,2.0,6.0,0.31262683868408203
162,0,3.9604059870000006,3.0,0.9604060649871826,0.8796460909999999,5.697233002999999,3.0,6.0,2.120353937149048
163,1,4.298392293,4.0,0.29839229583740234,7.417732895,3.308213914,6.0,2.0,1.4177327156066895
164,0,4.5510809089999995,4.0,0.5510807037353516,3.5501178660000003,5.05241629,2.0,6.0,1.5501179695129395
165,1,4.600537199,4.0,0.6005373001098633,6.296402252000001,0.24761869399999997,6.0,2.0,0.2964024543762207
166,0,4.611431452,4.0,0.6114315986633301,0.260138702,4.944882101,2.0,6.0,1.739861249923706
167,0,4.580964064,4.0,0.5809640884399414,2.300186474,7.296958477,2.0,6.0,0.3001863956451416
168,0,4.249175751999999,4.0,0.2491755485534668,-0.044151152,6.4700152,2.0,6.0,2.0441510677337646
169,0,3.5739219520000005,3.0,0.5739219188690186,2.9816832360000003,6.45230455,3.0,6.0,0.01831674575805664
170,0,4.595913222,4.0,0.5959134101867676,1.149126733,7.517172187999999,2.0,6.0,0.8508732318878174
171,0,2.8513222789999997,2.0,0.8513221740722656,5.548916137000001,6.750278268,4.0,6.0,1.5489163398742676
172,0,3.9834325490000007,3.0,0.9834325313568115,3.546916755,6.55404893,3.0,6.0,0.5469167232513428
173,0,4.634210793,4.0,0.6342105865478516,0.392984471,5.288076115,2.0,6.0,1.6070154905319214
174,0,4.425051312,4.0,0.425051212310791,1.5746652190000001,6.605022905,2.0,6.0,0.4253348112106323
175,1,4.651689334,4.0,0.6516895294189453,5.484478584,0.467886529,6.0,2.0,0.5155215263366699
176,0,4.6134770309999995,4.0,0.6134772300720215,2.473165969,7.447736827999999,2.0,6.0,0.47316598892211914
177,0,4.530918343,4.0,0.5309181213378906,1.737341796,7.923724291,2.0,6.0,0.2626582384109497
178,0,3.8491817050000003,3.0,0.8491816520690918,2.732224865,8.252929907999999,3.0,6.0,0.2677750587463379
179,1,4.625381649,4.0,0.6253814697265625,6.075302217000001,0.961470422,6.0,2.0,0.0753021240234375
180,0,4.292289272,4.0,0.29228925704956055,1.9896634519999998,7.470623578,2.0,6.0,0.010336518287658691
181,1,-1.0097254270000002,1.0,2.009725570678711,8.204986762999999,9.538549818,6.0,5.0,2.204986572265625
182,1,4.598245982000001,4.0,0.5982460975646973,4.03578734,1.290493853,6.0,2.0,1.9642128944396973
183,0,4.662679477999999,4.0,0.6626796722412109,2.2203857719999998,6.164386791,2.0,6.0,0.22038578987121582
184,0,3.9604059870000006,3.0,0.9604060649871826,3.597912233,6.016179554,3.0,6.0,0.5979123115539551
185,0,4.0382360639999995,3.0,1.038236141204834,1.267666902,5.184312515,3.0,6.0,1.7323330640792847
186,0,4.666354814000001,4.0,0.6663546562194824,1.455361161,6.316084388999999,2.0,6.0,0.5446388721466064
187,0,3.6698162859999996,3.0,0.669816255569458,2.610828931,5.836609172,3.0,6.0,0.38917112350463867
188,0,4.506945974,4.0,0.5069460868835449,1.105803657,7.559032687999999,2.0,6.0,0.8941963911056519
189,0,2.6057937740000003,2.0,0.6057937145233154,4.1972639130000005,7.50961392,4.0,6.0,0.1972637176513672
190,0,4.3294830929999994,4.0,0.3294830322265625,2.7830991010000004,4.37637278,2.0,6.0,0.7830991744995117
191,0,4.176489471,3.0,1.1764893531799316,3.215325988,6.780808816,3.0,6.0,0.21532607078552246
192,0,4.3352045839999995,4.0,0.3352046012878418,0.613923904,6.036210892000001,2.0,6.0,1.3860760927200317
193,0,4.169193506999999,3.0,1.1691937446594238,0.876357708,5.184113348,3.0,6.0,2.1236422061920166
194,0,4.449046187,4.0,0.44904613494873047,3.06370113,6.632418125,2.0,6.0,1.0637011528015137
195,0,4.524897793,4.0,0.524897575378418,-0.06684151299999999,4.6236210269999996,2.0,6.0,2.0668416023254395
196,1,4.2210651,4.0,0.22106504440307617,6.417114586,1.820102696,6.0,2.0,0.4171147346496582
197,0,4.076286253999999,4.0,0.07628631591796875,2.2615523680000003,7.288189748,2.0,6.0,0.2615523338317871
198,0,4.600537199,4.0,0.6005373001098633,2.70089413,6.79496918,2.0,6.0,0.7008941173553467
199,0,2.9632562380000005,2.0,0.9632561206817627,3.0057926289999997,4.37219555,4.0,6.0,0.9942073822021484
200,1,3.8592673150000003,3.0,0.8592672348022461,6.120321013,2.273142027,6.0,3.0,0.12032079696655273
201,1,4.4045164990000005,4.0,0.40451669692993164,7.6301861539999996,2.4824421969999997,6.0,2.0,1.6301860809326172
202,0,4.509761449000001,4.0,0.5097613334655762,2.181099574,7.226012167,2.0,6.0,0.18109965324401855
203,0,4.644387218999999,4.0,0.6443872451782227,1.3662056919999999,5.697239363,2.0,6.0,0.6337943077087402
204,1,3.5955422859999997,3.0,0.5955421924591064,7.24799675,5.006365064,6.0,3.0,1.2479968070983887
205,1,4.176489471,3.0,1.1764893531799316,7.342640577,1.71316262,6.0,3.0,1.3426403999328613
206,0,4.450078967,4.0,0.45007896423339844,1.930986954,5.646035138999999,2.0,6.0,0.06901299953460693
207,0,4.509761449000001,4.0,0.5097613334655762,1.235664868,8.094804053999999,2.0,6.0,0.7643351554870605
208,0,4.023076235,3.0,1.023076057434082,3.4425000939999997,5.981576198,3.0,6.0,0.44250011444091797
209,1,3.6437281949999996,3.0,0.6437282562255859,6.423668299,3.2958231430000002,6.0,3.0,0.42366838455200195
210,0,4.635409286,4.0,0.6354093551635742,1.411111218,7.505548543,2.0,6.0,0.5888887643814087
211,1,4.531704663999999,4.0,0.5317044258117676,5.977711981000001,0.6241319439999999,6.0,2.0,0.022287845611572266
212,0,4.583551947,3.0,1.5835518836975098,2.9606600469999997,7.111208572000001,2.0,5.0,0.9606599807739258
213,0,4.399550265,4.0,0.3995504379272461,1.618735544,6.269601309,2.0,6.0,0.38126444816589355
214,1,3.331654208,3.0,0.33165431022644043,9.314614519,3.907360025,6.0,3.0,3.3146142959594727
215,0,0.3966209239999996,1.0,0.6033790707588196,7.155599037999999,7.875369697000001,5.0,6.0,2.1555991172790527
216,0,4.6134770309999995,4.0,0.6134772300720215,0.858432138,6.363141217000001,2.0,6.0,1.1415679454803467
217,1,4.3352045839999995,4.0,0.3352046012878418,6.137814677000001,3.0525983830000003,6.0,2.0,0.13781452178955078
218,0,4.600537199,4.0,0.6005373001098633,2.011223722,7.41732078,2.0,6.0,0.011223793029785156
219,0,4.298392293,4.0,0.29839229583740234,1.002248387,6.964931868,2.0,6.0,0.9977515935897827
220,0,4.5694539690000004,4.0,0.5694541931152344,0.303088418,4.736109516,2.0,6.0,1.6969115734100342
221,1,4.611913533,4.0,0.6119136810302734,4.444956002,0.071371948,6.0,2.0,1.555044174194336
222,0,4.482852222,4.0,0.4828524589538574,1.8883570980000002,6.372947179,2.0,6.0,0.11164295673370361
223,0,3.142226955,2.0,1.1422269344329834,2.7292085489999995,9.494496691,4.0,6.0,1.2707915306091309
224,1,4.457783610000001,4.0,0.45778369903564453,6.085709197000001,1.2686917070000001,6.0,2.0,0.0857090950012207
225,1,0.5711411369999997,1.0,0.4288588762283325,7.176296186,7.281399842000001,6.0,5.0,1.1762962341308594
226,0,4.206808953,4.0,0.20680904388427734,3.252402128,5.5231345670000005,2.0,6.0,1.2524020671844482
227,1,4.58550545,4.0,0.585505485534668,6.172307322000001,1.379697253,6.0,2.0,0.17230749130249023
228,0,4.667194016,4.0,0.6671938896179199,3.1442374060000002,5.891747313,2.0,6.0,1.1442375183105469
229,0,4.600537199,4.0,0.6005373001098633,3.9742790439999998,7.222972327000001,2.0,6.0,1.9742789268493652
230,0,4.078197586,3.0,1.0781974792480469,2.936527082,3.616210557,3.0,6.0,0.06347298622131348
231,1,4.600537199,4.0,0.6005373001098633,6.126424151,0.5911178429999999,6.0,2.0,0.12642431259155273
232,0,3.6643909179999996,3.0,0.6643908023834229,2.7624022439999996,7.510933569,3.0,6.0,0.23759770393371582
233,0,4.644077544,4.0,0.6440777778625488,0.43495591200000006,6.243417753999999,2.0,6.0,1.5650440454483032
234,0,3.8592673150000003,3.0,0.8592672348022461,1.470431159,6.951754499,3.0,6.0,1.5295687913894653
235,1,3.1766992310000006,3.0,0.17669916152954102,8.025305685,5.05809156,6.0,3.0,2.02530574798584
236,0,4.600537199,4.0,0.6005373001098633,1.9286608930000002,4.580375943,2.0,6.0,0.07133913040161133
237,0,4.293722399,3.0,1.2937226295471191,3.271907407,7.828267342,3.0,6.0,0.27190732955932617
238,0,2.7470716239999993,2.0,0.7470717430114746,3.372611362,7.185988109,4.0,6.0,0.6273887157440186
239,0,4.6235829299999995,4.0,0.6235828399658203,1.7557116380000002,4.949429019,2.0,6.0,0.24428832530975342
240,0,3.589844066,3.0,0.5898439884185791,1.299076404,5.543542325,3.0,6.0,1.7009235620498657
241,0,4.486832726,4.0,0.4868326187133789,1.3179206890000001,5.463671865,2.0,6.0,0.6820793151855469
242,0,1.1268004139999999,1.0,0.12680041790008545,7.172651826,8.203378632,5.0,6.0,2.172651767730713
243,0,4.479768538,4.0,0.4797687530517578,1.490963935,6.969366078999999,2.0,6.0,0.5090360641479492
244,0,3.8569156420000006,3.0,0.8569157123565674,3.3736792789999996,6.847009402,3.0,6.0,0.37367916107177734
245,0,2.8283215350000006,2.0,0.8283214569091797,5.403642144,6.681973315,4.0,6.0,1.403642177581787
246,0,2.732963787000001,2.0,0.7329638004302979,5.030282382,7.433148868,4.0,6.0,1.0302824974060059
247,0,3.658194854,3.0,0.6581947803497314,2.4941756369999997,7.50820426,3.0,6.0,0.5058243274688721
248,1,4.5510809089999995,4.0,0.5510807037353516,5.935735702000001,1.5171133140000002,6.0,2.0,0.06426429748535156
249,0,4.4321945629999995,4.0,0.43219470977783203,2.5723633759999998,7.524447541,2.0,6.0,0.5723633766174316
250,0,4.182032642999999,4.0,0.18203258514404297,1.82637802,7.397314776,2.0,6.0,0.1736220121383667
251,0,3.775936010000001,3.0,0.7759361267089844,4.233854315,6.2537172729999995,3.0,6.0,1.2338542938232422
252,0,4.625381649,4.0,0.6253814697265625,1.568001508,3.4710105110000002,2.0,6.0,0.43199849128723145
253,0,3.8003599839999995,3.0,0.8003599643707275,2.306088699,6.792902947000001,3.0,6.0,0.6939113140106201
254,0,4.651689334,4.0,0.6516895294189453,0.5073948079999999,7.423084102000001,2.0,6.0,1.492605209350586
255,0,4.6701246439999995,4.0,0.6701245307922363,0.8868565190000001,3.2543750780000003,2.0,6.0,1.1131434440612793
256,0,3.709703341,3.0,0.7097034454345703,3.5264717460000004,8.478666492,3.0,6.0,0.5264718532562256
257,0,4.123763358000001,3.0,1.1237635612487793,1.679321639,5.968986618,3.0,6.0,1.3206783533096313
258,0,4.633840461999999,4.0,0.6338405609130859,1.87570193,4.595734287,2.0,6.0,0.124298095703125
259,0,3.3174365999999997,3.0,0.31743669509887695,1.915333775,7.194091867999999,3.0,6.0,1.0846662521362305
260,0,3.0377448769999997,2.0,1.0377447605133057,3.347667707,7.693926537,4.0,6.0,0.6523323059082031
261,0,3.0502062999999993,2.0,1.050206184387207,5.430931447000001,6.861205264,4.0,6.0,1.430931568145752
262,1,4.400716933999999,4.0,0.40071678161621094,6.215572155,0.6324781279999999,6.0,2.0,0.21557235717773438
263,0,3.9233671269999992,3.0,0.9233670234680176,2.928104678,5.311445008,3.0,6.0,0.07189536094665527
264,0,3.7183023720000006,3.0,0.7183024883270264,3.06751922,6.594319989,3.0,6.0,0.0675191879272461
265,0,4.129680057,3.0,1.1296801567077637,-0.247323808,5.976936652999999,3.0,6.0,3.247323751449585
266,1,4.58550545,4.0,0.585505485534668,6.801465546,2.2534422259999998,6.0,2.0,0.8014655113220215
267,0,4.479768538,4.0,0.4797687530517578,2.811190245,6.294478027,2.0,6.0,0.811190128326416
268,0,1.6751885630000007,1.0,0.6751885414123535,6.911761526,8.304883676000001,5.0,6.0,1.91176176071167
269,0,3.6698162859999996,3.0,0.669816255569458,2.632686363,7.226211939,3.0,6.0,0.3673136234283447
270,0,3.9765188549999997,3.0,0.9765188694000244,3.161536818,5.216140307,3.0,6.0,0.16153693199157715
271,1,3.7183023720000006,3.0,0.7183024883270264,5.86106116,3.928661084,6.0,3.0,0.13893890380859375
272,0,4.333871624999999,4.0,0.33387184143066406,3.959215041,5.643039096,2.0,6.0,1.9592149257659912
273,0,3.9182960209999997,3.0,0.9182960987091064,2.9029209160000002,4.95227283,3.0,6.0,0.09707903861999512
274,1,2.756827595,2.0,0.7568275928497314,7.89522425,3.23080297,6.0,4.0,1.8952240943908691
275,0,2.590933871999999,1.0,1.5909337997436523,5.679426224,8.067399822,5.0,6.0,0.6794261932373047
276,1,2.9722029160000005,3.0,0.02779698371887207,5.50167739,4.237157052,6.0,3.0,0.4983224868774414
277,0,4.650566704999999,3.0,1.650566577911377,3.556501073,7.041312416,2.0,5.0,1.5565011501312256
278,0,4.161828943,4.0,0.16182899475097656,1.505198297,7.7270296,2.0,6.0,0.49480175971984863
279,0,4.528324942,4.0,0.528325080871582,0.465804231,6.272047447,2.0,6.0,1.5341957807540894
280,0,4.598245982000001,4.0,0.5982460975646973,1.141388725,4.165596569,2.0,6.0,0.8586112260818481
281,1,3.866937448,3.0,0.8669373989105225,8.18273366,1.8567241140000001,6.0,3.0,2.1827335357666016
282,0,3.802820283,3.0,0.8028202056884766,1.811118494,5.3357184669999995,3.0,6.0,1.188881516456604
283,0,3.1613371420000003,2.0,1.16133713722229,3.818858858,6.618870277999999,4.0,6.0,0.18114113807678223
284,0,4.624964379000001,4.0,0.6249642372131348,1.415674925,7.032222624,2.0,6.0,0.5843250751495361
285,1,4.260668116,4.0,0.2606682777404785,7.954506553,1.191974244,6.0,2.0,1.9545063972473145
286,1,4.067538639,3.0,1.0675387382507324,5.917605983,1.747821866,6.0,3.0,0.08239412307739258
287,0,4.668718799,4.0,0.6687188148498535,0.23084982699999998,6.243433822,2.0,6.0,1.7691501379013062
288,0,4.657719204,4.0,0.6577191352844238,2.184525986,6.43413664,2.0,6.0,0.1845259666442871
289,1,4.5694539690000004,4.0,0.5694541931152344,6.084254908999999,0.81261836,6.0,2.0,0.08425474166870117
290,0,3.5145721669999994,3.0,0.5145721435546875,4.0799592680000005,7.5307991460000006,3.0,6.0,1.0799593925476074
291,0,4.598245982000001,4.0,0.5982460975646973,1.7230128359999999,6.854375167000001,2.0,6.0,0.2769871950149536
292,0,2.6148296989999995,2.0,0.6148297786712646,3.4090668889999995,7.207614137999999,4.0,6.0,0.590933084487915
293,1,4.304433498,4.0,0.30443334579467773,7.41470256,1.481191566,6.0,2.0,1.4147024154663086
294,1,3.910955881,3.0,0.9109559059143066,7.143978778999999,3.066040427,6.0,3.0,1.1439785957336426
295,0,4.6134770309999995,4.0,0.6134772300720215,1.593343942,5.24303327,2.0,6.0,0.40665602684020996
296,0,2.522164071999999,2.0,0.5221641063690186,5.551429432000001,6.000949922,4.0,6.0,1.551429271697998
297,0,4.364322131000001,4.0,0.3643221855163574,0.695405609,5.693242239,2.0,6.0,1.3045943975448608
298,1,3.9765188549999997,3.0,0.9765188694000244,8.141129734,2.001215819,6.0,3.0,2.141129493713379
299,1,4.339547302,4.0,0.33954715728759766,6.924076727,2.621165028,6.0,2.0,0.9240765571594238
300,0,4.485906163999999,4.0,0.48590612411499023,2.997358985,6.159853657999999,2.0,6.0,0.997359037399292
301,0,4.434350329,3.0,1.4343504905700684,1.628172172,6.474475117000001,2.0,5.0,0.3718278408050537
302,1,3.927806231,3.0,0.9278061389923096,5.65091291,4.974915197,6.0,3.0,0.3490872383117676
303,0,4.078197586,3.0,1.0781974792480469,2.500552468,6.071340257999999,3.0,6.0,0.4994475841522217
304,0,4.657928181,4.0,0.6579279899597168,2.23295175,6.001701337,2.0,6.0,0.23295164108276367
305,0,4.5694539690000004,4.0,0.5694541931152344,2.250891991,4.144113228,2.0,6.0,0.25089192390441895
306,0,2.8283215350000006,2.0,0.8283214569091797,4.596619876,7.570358564,4.0,6.0,0.5966200828552246
307,0,4.222662682,4.0,0.22266244888305664,1.744298277,6.548642097,2.0,6.0,0.25570178031921387
308,0,4.566636519999999,4.0,0.5666365623474121,0.3112368,6.550791171,2.0,6.0,1.68876314163208
309,0,4.225847042,4.0,0.2258472442626953,1.8302409080000002,6.898286845,2.0,6.0,0.16975903511047363
310,0,4.429727893,4.0,0.42972803115844727,1.7447671519999999,6.931438647,2.0,6.0,0.2552328109741211
311,0,4.257643340000001,3.0,1.257643222808838,4.490539842,6.535752546,3.0,6.0,1.4905400276184082
312,0,4.169193506999999,3.0,1.1691937446594238,1.8386564909999998,8.244581217999999,3.0,6.0,1.1613434553146362
313,0,4.434350329,4.0,0.43435049057006836,2.2046754219999998,6.324870316,2.0,6.0,0.20467543601989746
314,0,3.5077551999999996,3.0,0.5077552795410156,1.906433074,8.070976867,3.0,6.0,1.09356689453125
315,0,0.9640114839999994,1.0,0.03598850965499878,5.685885217999999,6.66721464,5.0,6.0,0.6858854293823242
316,0,3.972274421,3.0,0.9722743034362793,2.336874097,6.25688339,3.0,6.0,0.6631259918212891
317,0,4.088214,3.0,1.0882139205932617,3.890764639,5.9958155,3.0,6.0,0.8907647132873535
318,0,3.497893012,3.0,0.4978930950164795,2.754591384,6.272719121000001,3.0,6.0,0.2454085350036621
319,0,3.497893012,3.0,0.4978930950164795,3.949552277,6.1969293389999995,3.0,6.0,0.9495522975921631
320,0,3.3174365999999997,3.0,0.31743669509887695,4.708912508,5.498696004,3.0,6.0,1.7089123725891113
321,0,4.080104918,3.0,1.0801048278808594,2.587707915,5.748091277,3.0,6.0,0.4122920036315918
322,0,3.709703341,3.0,0.7097034454345703,4.3672106610000005,7.920735189,3.0,6.0,1.367210865020752
323,1,4.545576258,4.0,0.5455760955810547,5.104656177,0.861097125,6.0,2.0,0.8953437805175781
324,0,3.729448049999999,3.0,0.7294480800628662,2.897255975,6.983577757999999,3.0,6.0,0.10274410247802734
325,1,3.9182960209999997,2.0,1.9182960987091064,4.7482302910000005,2.4463484980000003,5.0,3.0,0.2517695426940918
326,0,4.6235829299999995,4.0,0.6235828399658203,0.8106123759999999,8.554241009,2.0,6.0,1.189387559890747
327,0,4.657928181,4.0,0.6579279899597168,1.86814648,4.786993753,2.0,6.0,0.13185346126556396
328,0,3.658194854,3.0,0.6581947803497314,3.020229018,5.57194112,3.0,6.0,0.020229101181030273
329,0,4.5694539690000004,4.0,0.5694541931152344,1.9101241919999998,7.841319588999999,2.0,6.0,0.08987581729888916
330,0,4.373736232,4.0,0.3737363815307617,2.9082345889999996,6.897206979,2.0,6.0,0.9082345962524414
331,0,4.029681088,4.0,0.02968120574951172,1.124905314,8.182350334,2.0,6.0,0.8750946521759033
332,0,3.4223067340000006,3.0,0.42230677604675293,2.47727284,6.727196833,3.0,6.0,0.5227272510528564
333,1,4.304433498,4.0,0.30443334579467773,7.170125922,1.4773849190000001,6.0,2.0,1.170125961303711
334,0,4.304433498,4.0,0.30443334579467773,3.552016775,6.448697629,2.0,6.0,1.5520167350769043
335,0,4.5510809089999995,4.0,0.5510807037353516,1.6253859240000001,6.811773024,2.0,6.0,0.3746141195297241
336,0,3.658194854,3.0,0.6581947803497314,4.164164453,7.055788556,3.0,6.0,1.1641645431518555
337,0,3.5205418890000004,3.0,0.5205419063568115,2.563576577,5.584877219,3.0,6.0,0.43642354011535645
338,0,4.5829504619999994,3.0,1.5829505920410156,1.707365155,6.190427711,2.0,5.0,0.29263484477996826
339,0,4.624964379000001,4.0,0.6249642372131348,-0.211562243,4.089371302,2.0,6.0,2.211562156677246
340,0,4.635409286,4.0,0.6354093551635742,1.469327456,6.8685617379999995,2.0,6.0,0.530672550201416
341,1,3.504750075,3.0,0.5047500133514404,7.386637914,4.296653467,6.0,3.0,1.3866376876831055
342,0,4.58550545,4.0,0.585505485534668,2.441897987,5.460296724,2.0,6.0,0.4418978691101074
343,1,4.137341027,4.0,0.13734102249145508,6.29186737,2.12824243,6.0,2.0,0.2918672561645508
344,0,3.3424747770000005,3.0,0.34247469902038574,3.511036813,8.070801364,3.0,6.0,0.5110368728637695
345,0,4.206808953,4.0,0.20680904388427734,2.54555899,7.9384566539999994,2.0,6.0,0.5455589294433594
346,0,4.668718799,4.0,0.6687188148498535,0.351428003,5.990253954,2.0,6.0,1.6485719680786133
347,0,2.765373974,2.0,0.765373945236206,5.229642233,8.477253667000001,4.0,6.0,1.229642391204834
348,0,3.401525077,2.0,1.4015250205993652,4.3170164060000005,5.849073207999999,4.0,6.0,0.3170166015625
349,0,4.657021780999999,4.0,0.6570219993591309,0.355535036,5.774501148,2.0,6.0,1.6444649696350098
350,0,4.506945974,3.0,1.506946086883545,1.838631031,7.465424948,2.0,5.0,0.1613689661026001
351,0,4.580964064,3.0,1.5809640884399414,1.052633262,6.77717239,2.0,5.0,0.9473667144775391
352,0,4.644077544,4.0,0.6440777778625488,2.405894249,6.709280672999999,2.0,6.0,0.40589427947998047
353,0,3.7242449320000004,3.0,0.7242448329925537,3.876275363,6.695524626,3.0,6.0,0.8762753009796143
354,0,-0.2865997130000011,0.0,0.286599725484848,7.1867685560000005,8.120956288,6.0,6.0,1.1867685317993164
355,0,2.1217064900000002,1.0,1.121706485748291,6.162800009,6.670411337000001,5.0,6.0,1.1627998352050781
356,0,4.222662682,4.0,0.22266244888305664,2.648259748,6.830791014,2.0,6.0,0.6482596397399902
357,1,4.225847042,3.0,1.2258472442626953,6.947152716000001,2.398184026,6.0,3.0,0.9471526145935059
358,0,4.668718799,4.0,0.6687188148498535,0.638345933,5.483835758,2.0,6.0,1.3616540431976318
359,0,4.5829504619999994,4.0,0.5829505920410156,0.627055832,7.350101949,2.0,6.0,1.3729441165924072
360,0,4.373736232,4.0,0.3737363815307617,2.039852774,7.260085348,2.0,6.0,0.03985285758972168
361,0,4.6134770309999995,4.0,0.6134772300720215,-0.939082548,5.6088467170000005,2.0,6.0,2.939082622528076
362,0,4.213750116,4.0,0.21374988555908203,2.088063119,7.389009627,2.0,6.0,0.08806300163269043
363,0,4.651689334,4.0,0.6516895294189453,0.977148336,6.08907621,2.0,6.0,1.0228517055511475
364,0,3.586200301,3.0,0.5862002372741699,1.60438961,7.0331600420000004,3.0,6.0,1.3956103324890137
365,0,4.6235829299999995,4.0,0.6235828399658203,1.899311856,6.592310238,2.0,6.0,0.10068809986114502
366,1,4.611913533,4.0,0.6119136810302734,6.184086811,0.953151089,6.0,2.0,0.18408679962158203
367,0,3.586200301,3.0,0.5862002372741699,0.72240119,6.224467007,3.0,6.0,2.2775988578796387
368,1,3.4286043539999995,3.0,0.4286043643951416,6.047718437,2.3671033130000003,6.0,3.0,0.04771852493286133
369,0,4.531704663999999,4.0,0.5317044258117676,1.67799715,6.53011823,2.0,6.0,0.3220028877258301
370,0,4.568798897999999,4.0,0.5687990188598633,1.17960023,5.95847161,2.0,6.0,0.8203997611999512
371,1,3.8052758919999996,3.0,0.8052759170532227,6.295170225,4.680660837,6.0,3.0,0.29517030715942383
372,1,4.304433498,4.0,0.30443334579467773,6.45231233,2.227502851,6.0,2.0,0.4523124694824219
373,0,3.2190010630000003,3.0,0.21900105476379395,1.9342788290000001,7.192528141,3.0,6.0,1.0657211542129517
374,0,4.657928181,4.0,0.6579279899597168,0.144451695,5.608276458,2.0,6.0,1.8555482625961304
375,0,4.506945974,4.0,0.5069460868835449,1.963538136,6.20258152,2.0,6.0,0.036461830139160156
376,0,3.580468052,3.0,0.580467939376831,4.279699802,8.028519821,3.0,6.0,1.2796998023986816
377,1,3.8052758919999996,3.0,0.8052759170532227,7.131295804,2.9661324039999997,6.0,3.0,1.1312956809997559
378,0,4.224256662,4.0,0.2242565155029297,1.568483324,6.383666846000001,2.0,6.0,0.4315166473388672
379,0,4.400716933999999,4.0,0.40071678161621094,0.011589273999999998,7.0421201710000005,2.0,6.0,1.9884107112884521
380,0,4.644077544,4.0,0.6440777778625488,0.803277441,4.248769009,2.0,6.0,1.1967225074768066
381,1,3.7947450239999996,3.0,0.7947449684143066,7.690024341,1.6888184819999998,6.0,3.0,1.6900243759155273
382,0,4.6134770309999995,4.0,0.6134772300720215,1.946579453,5.354538546000001,2.0,6.0,0.0534205436706543
383,1,4.657928181,4.0,0.6579279899597168,5.327301324,-0.626644344,6.0,2.0,0.6726984977722168
384,0,4.644077544,4.0,0.6440777778625488,2.168364396,5.380134022000001,2.0,6.0,0.1683642864227295
385,0,4.5510809089999995,4.0,0.5510807037353516,1.342756126,4.365245494,2.0,6.0,0.6572438478469849
386,1,4.6134770309999995,4.0,0.6134772300720215,5.539232081000001,0.739044418,6.0,2.0,0.4607677459716797
387,0,4.666354814000001,4.0,0.6663546562194824,3.76434961,5.928482025,2.0,6.0,1.7643496990203857
388,0,4.5510809089999995,4.0,0.5510807037353516,2.551956358,6.750624796,2.0,6.0,0.5519564151763916
389,0,4.461074837999999,4.0,0.4610748291015625,2.044082322,5.09213536,2.0,6.0,0.0440824031829834
390,0,4.651689334,4.0,0.6516895294189453,2.2234278180000002,4.160612867,2.0,6.0,0.22342777252197266
391,0,4.400716933999999,3.0,1.400716781616211,2.5323343240000002,5.087648359,2.0,5.0,0.5323343276977539
392,1,4.304433498,3.0,1.3044333457946777,5.8137808479999995,2.3926391959999997,6.0,3.0,0.1862192153930664
393,0,4.5694539690000004,4.0,0.5694541931152344,1.0425621790000001,6.280905167,2.0,6.0,0.9574378728866577
394,1,4.176489471,3.0,1.1764893531799316,4.974808186000001,1.4954540330000001,6.0,3.0,1.0251917839050293
395,1,4.668718799,4.0,0.6687188148498535,6.169521982999999,1.391392757,6.0,2.0,0.16952180862426758
396,0,3.4286043539999995,3.0,0.4286043643951416,3.303857368,6.3266171060000005,3.0,6.0,0.30385732650756836
397,0,4.252659829999999,4.0,0.25265979766845703,2.025059078,4.071561585,2.0,6.0,0.025058984756469727
398,0,4.657719204,4.0,0.6577191352844238,0.7503001709999999,5.6488051310000005,2.0,6.0,1.2496998310089111
399,0,4.295544867,3.0,1.2955451011657715,2.070748495,7.228166594,2.0,5.0,0.07074856758117676
400,0,4.583551947,4.0,0.5835518836975098,3.7457373510000003,6.017198197999999,2.0,6.0,1.7457373142242432
401,0,4.486832726,4.0,0.4868326187133789,1.673173587,6.498149728,2.0,6.0,0.32682645320892334
402,0,2.600017641,2.0,0.6000175476074219,4.589910582,8.540633759,4.0,6.0,0.5899105072021484
403,0,3.9233671269999992,3.0,0.9233670234680176,2.639635783,6.450962217000001,3.0,6.0,0.3603641986846924
404,0,4.531704663999999,4.0,0.5317044258117676,2.476400184,5.91185286,2.0,6.0,0.47640013694763184
405,0,4.293722399,4.0,0.29372262954711914,1.9029063609999999,6.265911489,2.0,6.0,0.09709358215332031
406,0,3.7379264310000004,3.0,0.7379264831542969,3.1971138089999998,7.266870673,3.0,6.0,0.1971137523651123
407,0,4.173084758,3.0,1.1730847358703613,2.800221468,5.494699207999999,3.0,6.0,0.19977855682373047
408,1,4.600004967,4.0,0.6000051498413086,4.219257362,1.4860636280000001,6.0,2.0,1.7807426452636719
409,0,-0.5777770990000004,0.0,0.577777087688446,8.581096083,7.829016900000001,6.0,6.0,2.5810956954956055
410,0,4.456772571000001,4.0,0.4567728042602539,1.073780005,6.512709967999999,2.0,6.0,0.9262199401855469
411,0,3.1613371420000003,2.0,1.16133713722229,4.07253576,6.13972234,4.0,6.0,0.07253599166870117
412,1,4.644387218999999,4.0,0.6443872451782227,5.47158732,2.2576000659999997,6.0,2.0,0.5284128189086914
413,0,3.95825355,3.0,0.9582536220550537,2.719761845,6.652087732999999,3.0,6.0,0.28023815155029297
414,1,4.0382360639999995,3.0,1.038236141204834,6.461459456,3.122048229,6.0,3.0,0.4614596366882324
415,0,3.7130574829999996,3.0,0.7130575180053711,2.574748399,6.725545416,3.0,6.0,0.42525148391723633
416,0,4.482852222,4.0,0.4828524589538574,2.165810485,5.167976268,2.0,6.0,0.16581058502197266
417,0,4.486832726,4.0,0.4868326187133789,0.6762934070000001,5.192398998,2.0,6.0,1.3237066268920898
418,0,4.547981626,3.0,1.5479817390441895,1.8229236030000002,8.138209957,2.0,5.0,0.1770763397216797
419,0,3.5077551999999996,3.0,0.5077552795410156,2.815464378,6.101968682000001,3.0,6.0,0.18453550338745117
420,0,3.8491817050000003,3.0,0.8491816520690918,1.63805888,6.369189525,3.0,6.0,1.3619410991668701
421,1,3.4388690909999995,3.0,0.43886899948120117,5.085724384,4.968645992,6.0,3.0,0.9142756462097168
422,0,4.304433498,4.0,0.30443334579467773,2.41933008,5.8563439939999995,2.0,6.0,0.4193301200866699
423,1,1.8320473379999989,2.0,0.16795265674591064,7.517205811,6.19485432,6.0,4.0,1.5172057151794434
424,0,4.3294830929999994,4.0,0.3294830322265625,1.6170611000000001,5.579096532,2.0,6.0,0.38293886184692383
425,0,3.5739219520000005,3.0,0.5739219188690186,2.131346488,5.342383246,3.0,6.0,0.8686535358428955
426,0,4.0382360639999995,3.0,1.038236141204834,2.394741016,6.343534443999999,3.0,6.0,0.6052589416503906
427,1,3.2408957689999993,3.0,0.24089574813842773,7.713109312,3.6768560839999997,6.0,3.0,1.7131094932556152
428,0,4.625381649,4.0,0.6253814697265625,2.447780028,4.541891368,2.0,6.0,0.44778013229370117
429,0,4.548710691,4.0,0.548710823059082,1.7927476119999999,6.469448292999999,2.0,6.0,0.2072523832321167
430,0,4.176489471,3.0,1.1764893531799316,2.395855112,5.492225853,3.0,6.0,0.604144811630249
431,1,4.133765801,3.0,1.133765697479248,7.939374097999999,2.5808914240000003,6.0,3.0,1.9393739700317383
432,0,4.163557770000001,4.0,0.1635580062866211,1.768235605,6.648325536000001,2.0,6.0,0.23176443576812744
433,0,4.399550265,4.0,0.3995504379272461,-0.832456786,7.176450491000001,2.0,6.0,2.8324568271636963
434,0,4.509761449000001,4.0,0.5097613334655762,2.258587166,4.266654406000001,2.0,6.0,0.258587121963501
435,1,3.927806231,3.0,0.9278061389923096,6.473670997,1.4058293519999998,6.0,3.0,0.47367095947265625
436,1,4.635409286,4.0,0.6354093551635742,3.28766574,-1.0376275529999999,6.0,2.0,2.712334156036377
437,0,3.3283380059999996,3.0,0.3283379077911377,3.8932285889999996,7.998081331,3.0,6.0,0.8932285308837891
438,1,2.9800397799999994,2.0,0.9800398349761963,7.351988971,3.757282783,6.0,4.0,1.3519887924194336
439,0,3.9765188549999997,2.0,1.9765188694000244,2.48820545,7.6393291020000005,3.0,5.0,0.5117945671081543
440,0,0.7787940080000002,1.0,0.22120600938796997,6.594043861,8.132572135,5.0,6.0,1.5940437316894531
441,0,4.482852222,4.0,0.4828524589538574,2.8080525769999998,5.1293767169999995,2.0,6.0,0.8080525398254395
442,1,4.373736232,4.0,0.3737363815307617,7.856637544,3.478763133,6.0,2.0,1.8566374778747559
443,0,4.662679477999999,4.0,0.6626796722412109,0.753737944,5.876450835,2.0,6.0,1.2462620735168457
444,0,4.434350329,4.0,0.43435049057006836,1.090969716,7.098473147999999,2.0,6.0,0.9090303182601929
445,0,4.531704663999999,4.0,0.5317044258117676,1.990296466,5.242370621,2.0,6.0,0.009703516960144043
446,0,4.429727893,4.0,0.42972803115844727,3.492436969,7.088852322999999,2.0,6.0,1.4924368858337402
447,0,4.034243200000001,3.0,1.034243106842041,2.009034235,5.932198669,3.0,6.0,0.9909658432006836
448,0,4.50608059,4.0,0.5060806274414062,2.250801081,6.209686176,2.0,6.0,0.25080108642578125
449,0,4.600537199,4.0,0.6005373001098633,-0.029618395,6.94905175,2.0,6.0,2.029618501663208
450,0,4.657928181,4.0,0.6579279899597168,1.1702849929999999,4.361825795,2.0,6.0,0.8297150135040283
451,0,4.5694539690000004,4.0,0.5694541931152344,2.6124733669999998,5.426678373,2.0,6.0,0.6124732494354248
452,0,3.4388690909999995,3.0,0.43886899948120117,2.223686985,6.592374548,3.0,6.0,0.776313066482544
453,0,3.6698162859999996,3.0,0.669816255569458,3.894750919,6.472381225,3.0,6.0,0.8947508335113525
454,0,4.600004967,4.0,0.6000051498413086,2.094914917,6.551034689,2.0,6.0,0.09491491317749023
455,0,4.082008257,3.0,1.0820083618164062,1.5704575719999998,6.4370223939999995,3.0,6.0,1.4295424222946167
456,1,4.222662682,4.0,0.22266244888305664,7.4858295120000005,3.687381165,6.0,2.0,1.4858293533325195
457,0,4.073843287999999,3.0,1.0738434791564941,2.5731011809999997,6.3200083220000005,3.0,6.0,0.426898717880249
458,0,-0.10731800499999977,1.0,1.1073180437088013,6.330594025,7.851502274,5.0,6.0,1.3305940628051758
459,0,3.497893012,3.0,0.4978930950164795,2.978126084,7.448681004,3.0,6.0,0.021873950958251953
460,1,3.586200301,3.0,0.5862002372741699,5.599916285,4.318779684,6.0,3.0,0.4000835418701172
461,0,2.8513222789999997,2.0,0.8513221740722656,3.7786491,6.770402193,4.0,6.0,0.22135090827941895
462,1,4.399550265,4.0,0.3995504379272461,7.317335577000001,0.824838595,6.0,2.0,1.317335605621338
463,0,4.662679477999999,4.0,0.6626796722412109,1.449471046,6.622710741000001,2.0,6.0,0.5505290031433105
464,1,2.7144347170000005,2.0,0.7144346237182617,5.0428788760000005,4.481379596,6.0,4.0,0.9571208953857422
465,0,3.169526404,3.0,0.1695263385772705,2.9006187999999997,8.124109307000001,3.0,6.0,0.0993812084197998
466,0,4.5510809089999995,4.0,0.5510807037353516,0.493409983,6.753249632999999,2.0,6.0,1.5065900087356567
467,0,4.662679477999999,4.0,0.6626796722412109,1.400111695,6.1533867739999994,2.0,6.0,0.5998883247375488
468,1,3.8592673150000003,3.0,0.8592672348022461,6.50768074,2.2072913130000003,6.0,3.0,0.5076808929443359
469,0,3.4286043539999995,2.0,1.4286043643951416,4.794639468,6.6569079460000005,4.0,6.0,0.7946395874023438
470,0,4.400716933999999,4.0,0.40071678161621094,1.653082599,6.932685869,2.0,6.0,0.34691739082336426
471,0,4.6701246439999995,4.0,0.6701245307922363,2.249979707,4.49775614,2.0,6.0,0.24997973442077637
472,0,4.399550265,4.0,0.3995504379272461,2.6665033119999997,6.644979911,2.0,6.0,0.6665034294128418
473,0,4.666354814000001,4.0,0.6663546562194824,-0.21589583699999998,6.82959414,2.0,6.0,2.215895891189575
474,0,3.331654208,3.0,0.33165431022644043,4.670752633999999,6.335304151,3.0,6.0,1.6707525253295898
475,0,4.373736232,4.0,0.3737363815307617,1.8236233030000002,6.148633809,2.0,6.0,0.17637670040130615
476,0,4.624964379000001,4.0,0.6249642372131348,1.787881052,6.542804916000001,2.0,6.0,0.2121189832687378
477,0,4.6701246439999995,4.0,0.6701245307922363,1.191659662,5.798754379,2.0,6.0,0.808340311050415
478,0,3.580468052,2.0,1.580467939376831,4.4557399580000006,7.3534204889999994,4.0,6.0,0.45573997497558594
479,0,4.182032642999999,3.0,1.182032585144043,2.609191842,7.152166662999999,3.0,6.0,0.39080810546875
480,0,3.255677504,2.0,1.2556774616241455,3.982110605,8.392771534,4.0,6.0,0.01788949966430664
481,0,4.265591187,4.0,0.2655911445617676,2.354548002,5.447953197,2.0,6.0,0.35454797744750977
482,0,4.1159774890000005,3.0,1.1159772872924805,2.7476849789999997,6.157087149,3.0,6.0,0.25231504440307617
483,0,4.644077544,4.0,0.6440777778625488,1.370921567,5.6472882570000005,2.0,6.0,0.6290783882141113
484,0,4.358911411999999,4.0,0.35891151428222656,0.572055713,5.968604791000001,2.0,6.0,1.427944302558899
485,0,4.657719204,4.0,0.6577191352844238,1.8245948969999999,7.32595298,2.0,6.0,0.17540514469146729
486,0,3.586200301,3.0,0.5862002372741699,3.044713181,6.048466754,3.0,6.0,0.04471325874328613
487,0,4.287571795,4.0,0.28757190704345703,1.158304746,8.089740088,2.0,6.0,0.8416953086853027
488,0,2.9333217650000005,2.0,0.9333217144012451,2.923598563,9.959095785,4.0,6.0,1.0764014720916748
489,0,0.7954374920000005,1.0,0.2045624852180481,7.062564862,6.992970473,5.0,6.0,2.0625648498535156
490,0,4.651689334,4.0,0.6516895294189453,1.938568293,6.221719527,2.0,6.0,0.06143176555633545
491,0,4.600537199,4.0,0.6005373001098633,3.2154020219999997,5.272286885,2.0,6.0,1.2154021263122559
492,1,4.265591187,4.0,0.2655911445617676,7.834468929,2.7479859660000003,6.0,2.0,1.8344688415527344
493,0,4.339547302,4.0,0.33954715728759766,1.9359067840000002,6.822996926,2.0,6.0,0.06409323215484619
494,0,4.395707822,4.0,0.3957076072692871,0.9300579729999999,7.103207455,2.0,6.0,1.0699419975280762
495,0,4.137341027,3.0,1.137341022491455,3.573685474,6.162615456,3.0,6.0,0.5736854076385498
496,0,3.3499551720000005,3.0,0.34995508193969727,3.4328610939999997,7.772115321,3.0,6.0,0.4328610897064209
497,0,3.707067279,3.0,0.7070672512054443,2.179498104,5.296093504,3.0,6.0,0.8205018043518066
498,0,3.419149573,3.0,0.41914963722229004,3.326411684,6.813544309,3.0,6.0,0.32641172409057617
499,0,4.457783610000001,4.0,0.45778369903564453,-0.030033565,5.218486974,2.0,6.0,2.030033588409424
500,1,4.459068640000001,4.0,0.45906877517700195,6.69109557,2.8215946219999997,6.0,2.0,0.6910953521728516
501,0,2.8513222789999997,2.0,0.8513221740722656,5.014357775,7.693487362999999,4.0,6.0,1.014357566833496
502,0,4.6701246439999995,4.0,0.6701245307922363,0.328837642,5.630095737,2.0,6.0,1.6711623668670654
503,0,4.6701246439999995,4.0,0.6701245307922363,2.557908453,6.7684159379999995,2.0,6.0,0.5579085350036621
504,0,4.657719204,4.0,0.6577191352844238,1.973377421,6.406712964,2.0,6.0,0.026622533798217773
505,0,4.182032642999999,4.0,0.18203258514404297,1.7843465969999999,5.998462247999999,2.0,6.0,0.2156534194946289
506,0,4.5829504619999994,4.0,0.5829505920410156,0.906938386,5.813398962999999,2.0,6.0,1.0930616855621338
507,0,4.635409286,4.0,0.6354093551635742,1.6651998559999999,6.381912874,2.0,6.0,0.334800124168396
508,0,4.400716933999999,4.0,0.40071678161621094,0.677101301,7.061749961,2.0,6.0,1.3228986263275146
509,1,3.9013030779999993,3.0,0.9013030529022217,6.17816351,2.511191556,6.0,3.0,0.1781635284423828
510,0,0.9266589449999998,1.0,0.07334107160568237,6.875856156,7.856494564,5.0,6.0,1.8758559226989746
511,0,4.668718799,4.0,0.6687188148498535,1.200505221,4.124909934,2.0,6.0,0.799494743347168
512,0,2.2232897090000003,2.0,0.22328972816467285,4.988575376,7.1093290289999995,4.0,6.0,0.9885754585266113
513,0,4.547981626,4.0,0.5479817390441895,3.25830846,6.179533967999999,2.0,6.0,1.2583084106445312
514,0,3.8052758919999996,3.0,0.8052759170532227,2.184635919,8.161383288,3.0,6.0,0.8153641223907471
515,0,4.58550545,4.0,0.585505485534668,1.395116581,6.940897904,2.0,6.0,0.6048834323883057
516,1,4.565971088,4.0,0.5659708976745605,6.3073764820000005,0.8027139990000001,6.0,2.0,0.3073763847351074
517,0,4.525703708,4.0,0.5257039070129395,0.097361741,7.3455410070000005,2.0,6.0,1.9026381969451904
518,0,4.598245982000001,4.0,0.5982460975646973,2.315751947,4.777930204,2.0,6.0,0.3157520294189453
519,1,3.3499551720000005,3.0,0.34995508193969727,6.9865699160000005,4.451008262,6.0,3.0,0.986569881439209
520,0,4.58550545,4.0,0.585505485534668,0.8813471709999999,5.391094764,2.0,6.0,1.1186528205871582
521,0,4.509761449000001,4.0,0.5097613334655762,0.924095841,5.882521914,2.0,6.0,1.075904130935669
522,0,4.0382360639999995,3.0,1.038236141204834,2.026892905,7.020660038,3.0,6.0,0.973107099533081
523,0,4.373736232,4.0,0.3737363815307617,1.498773141,6.874098678999999,2.0,6.0,0.5012269020080566
524,0,4.176489471,3.0,1.1764893531799316,1.770974584,5.387644697000001,3.0,6.0,1.2290253639221191
525,0,2.756827595,2.0,0.7568275928497314,4.632189989,8.218505856,4.0,6.0,0.6321897506713867
526,0,3.3424747770000005,3.0,0.34247469902038574,5.276305152,4.293836265,3.0,6.0,2.2763051986694336
527,1,3.8592673150000003,3.0,0.8592672348022461,7.391953525,2.279540431,6.0,3.0,1.391953468322754
528,0,3.5145721669999994,3.0,0.5145721435546875,3.443494318,6.999281888,3.0,6.0,0.4434943199157715
529,0,4.137341027,4.0,0.13734102249145508,2.8557475830000003,7.467617392,2.0,6.0,0.8557476997375488
530,0,3.927806231,3.0,0.9278061389923096,4.01208879,6.4531784000000005,3.0,6.0,1.0120887756347656
531,0,3.255677504,2.0,1.2556774616241455,3.869412335,6.912750481000001,4.0,6.0,0.13058757781982422
532,1,4.014387807,3.0,1.014387607574463,6.20564096,3.145292175,6.0,3.0,0.2056407928466797
533,0,3.4286043539999995,3.0,0.4286043643951416,2.956272863,5.783769679,3.0,6.0,0.04372715950012207
534,1,4.6701246439999995,4.0,0.6701245307922363,4.944219691,0.362493454,6.0,2.0,1.0557804107666016
535,0,4.434350329,4.0,0.43435049057006836,1.517858745,6.925120096000001,2.0,6.0,0.48214125633239746
536,0,4.657719204,4.0,0.6577191352844238,0.8798963009999999,5.6222273970000005,2.0,6.0,1.1201037168502808
537,0,4.611431452,4.0,0.6114315986633301,1.307349395,6.5258839879999995,2.0,6.0,0.692650556564331
538,0,4.644077544,4.0,0.6440777778625488,1.767565235,6.019811207999999,2.0,6.0,0.23243474960327148
539,0,4.5829504619999994,4.0,0.5829505920410156,2.467868158,6.115569975,2.0,6.0,0.4678680896759033
540,0,3.5205418890000004,3.0,0.5205419063568115,1.725491392,6.292692176,3.0,6.0,1.2745085954666138
541,1,4.219022771000001,4.0,0.2190227508544922,5.855671364,1.8568003690000001,6.0,2.0,0.14432859420776367
542,0,3.73275516,3.0,0.732755184173584,2.425313942,6.005350752999999,3.0,6.0,0.5746860504150391
543,1,4.429727893,4.0,0.42972803115844727,5.467703534,1.9469242130000002,6.0,2.0,0.5322966575622559
544,1,4.123763358000001,3.0,1.1237635612487793,5.926609217,1.528262157,6.0,3.0,0.07339096069335938
545,0,4.395707822,4.0,0.3957076072692871,3.099736505,5.7030203120000005,2.0,6.0,1.0997364521026611
546,0,4.633840461999999,4.0,0.6338405609130859,1.797997184,5.957573887000001,2.0,6.0,0.20200276374816895
547,1,4.635409286,4.0,0.6354093551635742,4.474726947,2.651103417,6.0,2.0,1.5252728462219238
548,0,3.927806231,3.0,0.9278061389923096,3.860673597,8.240475567999999,3.0,6.0,0.8606736660003662
549,0,3.9834325490000007,3.0,0.9834325313568115,2.506373627,7.54952939,3.0,6.0,0.49362635612487793
550,1,3.255677504,3.0,0.2556774616241455,7.543128717999999,2.8022302389999996,6.0,3.0,1.543128490447998
551,0,4.428638845999999,4.0,0.42863893508911133,1.750591466,6.654876855,2.0,6.0,0.24940848350524902
552,1,4.6134770309999995,4.0,0.6134772300720215,6.762640143,1.448663185,6.0,2.0,0.7626399993896484
553,0,4.304433498,4.0,0.30443334579467773,3.036808435,5.098941527,2.0,6.0,1.0368084907531738
554,0,3.0625993240000002,3.0,0.06259942054748535,2.920976487,6.4270646629999995,3.0,6.0,0.07902359962463379
555,0,-1.8669886039999994,0.0,1.8669886589050293,11.26822777,9.805163556,6.0,6.0,5.268227577209473
556,1,4.600537199,4.0,0.6005373001098633,7.278093566,2.444864759,6.0,2.0,1.2780933380126953
557,0,4.169193506999999,4.0,0.16919374465942383,2.486413534,6.306209947,2.0,6.0,0.48641347885131836
558,1,4.0382360639999995,3.0,1.038236141204834,7.484103522000001,3.4529618089999996,6.0,3.0,1.4841036796569824
559,1,3.071168234,3.0,0.07116818428039551,5.418291377,4.082719458,6.0,3.0,0.5817084312438965
560,0,4.644077544,4.0,0.6440777778625488,1.049558533,6.379314738,2.0,6.0,0.9504414796829224
561,0,4.260668116,3.0,1.2606682777404785,2.4408176630000002,6.4698842789999995,3.0,6.0,0.5591824054718018
562,0,4.3684279010000004,4.0,0.36842775344848633,0.880649612,6.094435462000001,2.0,6.0,1.1193504333496094
563,0,4.212132449,4.0,0.21213245391845703,1.944536944,6.185290845,2.0,6.0,0.05546307563781738
564,0,4.486832726,4.0,0.4868326187133789,3.773292662,8.017438632000001,2.0,6.0,1.7732927799224854
565,0,3.325016028,2.0,1.3250160217285156,5.209861828999999,6.001715577000001,4.0,6.0,1.2098617553710938
566,0,4.657719204,4.0,0.6577191352844238,1.65282508,4.220798809,2.0,6.0,0.34717488288879395
567,0,3.9182960209999997,3.0,0.9182960987091064,1.174244978,6.515582009,3.0,6.0,1.825755000114441
568,0,4.399550265,4.0,0.3995504379272461,4.454480031,6.902812697999999,2.0,6.0,2.4544801712036133
569,0,4.625381649,4.0,0.6253814697265625,1.882450559,5.324613068000001,2.0,6.0,0.11754941940307617
570,0,4.450078967,4.0,0.45007896423339844,0.66897721,5.611951232999999,2.0,6.0,1.3310227394104004
571,0,3.9674253620000006,3.0,0.9674253463745117,2.257818103,4.368622963,3.0,6.0,0.7421817779541016
572,0,4.082008257,3.0,1.0820083618164062,3.1973124760000005,5.144569927,3.0,6.0,0.197312593460083
573,0,3.580468052,3.0,0.580467939376831,2.821132285,5.4385486929999995,3.0,6.0,0.17886781692504883
574,0,4.225847042,4.0,0.2258472442626953,1.49566124,6.219146227,2.0,6.0,0.5043387413024902
575,0,4.50608059,4.0,0.5060806274414062,2.284806069,6.1832928979999995,2.0,6.0,0.2848060131072998
576,1,4.531704663999999,4.0,0.5317044258117676,6.681948737999999,2.7685454989999996,6.0,2.0,0.6819486618041992
577,1,4.600537199,4.0,0.6005373001098633,3.9392009519999998,3.016320659,6.0,2.0,2.0607991218566895
578,0,4.137341027,3.0,1.137341022491455,1.9260754219999998,7.483696665,3.0,6.0,1.0739245414733887
579,0,4.265591187,4.0,0.2655911445617676,2.847536332,7.4499320120000005,2.0,6.0,0.8475363254547119
580,0,4.395707822,4.0,0.3957076072692871,1.580873142,6.371904961,2.0,6.0,0.41912686824798584
581,0,4.293722399,4.0,0.29372262954711914,0.7550569079999999,6.409461685,2.0,6.0,1.2449431419372559
582,0,4.254185455,4.0,0.25418567657470703,4.520766758,5.286992218,2.0,6.0,2.5207667350769043
583,0,4.598245982000001,4.0,0.5982460975646973,4.592250396,7.264607402999999,2.0,6.0,2.592250347137451
584,1,4.137341027,3.0,1.137341022491455,7.063007545,3.451472709,6.0,3.0,1.0630073547363281
585,0,2.955363364,3.0,0.04463672637939453,3.185634705,7.561120159,3.0,6.0,0.18563461303710938
586,1,4.304433498,4.0,0.30443334579467773,7.747586396,2.856067559,6.0,2.0,1.7475862503051758
587,0,4.6235829299999995,4.0,0.6235828399658203,0.287976045,6.029107108,2.0,6.0,1.7120239734649658
588,0,4.260668116,3.0,1.2606682777404785,2.95051554,8.353507404,3.0,6.0,0.0494844913482666
589,0,4.3352045839999995,3.0,1.3352046012878418,1.2055009490000002,7.42454888,3.0,6.0,1.7944990396499634
590,0,4.600004967,4.0,0.6000051498413086,2.730490645,6.811552419,2.0,6.0,0.7304906845092773
591,0,4.225847042,4.0,0.2258472442626953,1.893695214,6.8120015789999995,2.0,6.0,0.10630476474761963
592,1,4.304433498,4.0,0.30443334579467773,6.071617487999999,4.212264337,6.0,2.0,0.07161760330200195
593,0,4.225847042,3.0,1.2258472442626953,3.793115732,5.483278597999999,3.0,6.0,0.7931156158447266
594,0,4.6235829299999995,4.0,0.6235828399658203,1.390367428,4.421211523999999,2.0,6.0,0.6096326112747192
595,0,2.7144347170000005,2.0,0.7144346237182617,2.945358037,7.30747543,4.0,6.0,1.0546419620513916
596,0,4.666354814000001,4.0,0.6663546562194824,1.4407695880000002,7.528073752,2.0,6.0,0.5592304468154907
