,iter_id,drnet_PEHE_out,drnet_ATE_metric_out,drnet_PEHE_in,drnet_ATE_metric_in
0,0,1.5326173144551636,0.0845418091637491,1.398486172692524,0.2761340694679295
1,1,1.3167086918550104,0.19516185500402683,1.4245517524903109,0.311258424173682
2,2,1.5914150123650546,0.7868646373633954,1.4704417090252881,0.5137420049750694
3,3,1.4358996470903815,0.31338263893449625,1.4422039896464054,0.43586624605303115
4,4,1.5505857922019683,0.8003553979319289,1.5073319257769087,0.5987968588791142
5,5,1.4146078045256067,0.5223901015820589,1.4224321475908368,0.3414951206863366
6,6,1.4543229324950113,0.4568638943273706,1.4394893231176864,0.429731355587363
7,7,1.3894679634772007,0.4519107306680086,1.4270289967230623,0.3256835542634833
8,8,1.370083831149932,0.3021978180851965,1.4544065601641007,0.4553522110381749
9,9,1.670096802979016,0.4949343929438528,1.4026256769355718,0.32598371317558117
10,10,1.3917113826301657,0.618094354024616,1.5116764540711876,0.588210702471422
11,11,1.5352136861914791,0.5057115721589365,1.4196697863722394,0.3810994305263806
12,12,1.4798704658076158,0.014400687629028575,1.4036811618574119,0.28348427690611366
13,13,1.3320551146175206,0.31509133945000123,1.465764300244213,0.44624572520246897
14,14,1.4803800524589654,0.7124629611374731,1.4448793870733976,0.4325778491509005
15,15,1.5268532374164463,0.6838159971269544,1.46963563777524,0.5201223798449757
16,16,1.4089524671364337,0.583601467064006,1.4401645245619088,0.40696742634767835
17,17,1.5804962515153682,0.5449671238271292,1.4201598620207683,0.3805818158779939
18,18,1.602459473096237,0.5136105283677752,1.4224896744186022,0.41525387092805577
19,19,1.279742785188411,0.4676786310258563,1.4625906600796237,0.42947761169455845
20,20,1.3835217611766184,0.12059945594546351,1.4548719986694034,0.449477881038983
21,21,1.6177191594558071,0.4405102364906823,1.440467939304256,0.4958575311442015
22,22,1.396417530659193,0.6184336304514777,1.533691900176035,0.6533093851078808
23,23,1.3381842265485486,0.434190034732993,1.457767449181921,0.4612153212025847
24,24,1.525504031488987,0.5091897991156311,1.4190032407923805,0.3405940911462757
25,25,1.276992133920265,0.6817856495043695,1.492377080878701,0.4756824536821207
26,26,1.4725520100460392,0.6027659080080014,1.434293841833765,0.40637152861060777
27,27,1.4524637282655102,0.4439429348493298,1.4599972715925902,0.4760722832115296
28,28,1.4580884190816386,0.4346304663473388,1.4188113995642004,0.36605687433640544
29,29,1.796671669502127,0.6620364326258668,1.4290161597820836,0.49480338812851743
30,30,1.5232066430127142,0.38240168434489696,1.4047239873855095,0.33383544233994433
31,31,1.5988346169214023,0.6377614760900352,1.4788906108489943,0.5555402433712224
32,32,1.2385575350667648,0.3185796474741589,1.4521806647796989,0.4103016061696687
33,33,1.51803260363843,0.5052018981041209,1.439189038862541,0.4280830990518667
34,34,1.4604481298822654,0.5768735762825359,1.4612517547633315,0.44606375870373505
35,35,1.475708155311907,0.7878666453348742,1.4835824125517887,0.5041757805897649
36,36,1.3605812560873585,0.5420650679065622,1.493992389945508,0.5527144200060761
37,37,1.35361578525712,0.5995886576547971,1.4409092075609113,0.3668133276608607
38,38,1.404314446937968,0.07457473987871799,1.3770627985913442,0.09707490455309564
39,39,1.475205469583361,0.4614751691458281,1.4689026314464524,0.5296795653842752
40,40,1.490357435022834,0.20698072534297296,1.439777225713622,0.46460672868274067
41,41,1.4419413736943534,0.21500988753299488,1.45233507164888,0.47697556116458184
42,42,1.2648731376446873,0.05998219987072684,1.4353210420023168,0.37779993618428165
43,43,1.5147628031686866,0.5748692481869888,1.4435493824386918,0.46076727093138947
44,44,1.6821341710636917,0.8720416841630292,1.4971721564963052,0.5892618592284968
45,45,1.3644551982230915,0.47251444330749726,1.4699275462983803,0.48126240682353494
46,46,1.833959825204456,0.8694673001017192,1.4722194738941394,0.5842998203419647
47,47,1.578803177914673,0.4060787993357029,1.454015875374056,0.5002054867194552
48,48,1.2868518761264556,0.22391796655376206,1.4168315493640247,0.26081786602435875
49,49,1.5908584462245248,0.7064638209851237,1.4482446121414536,0.47594393056584616
50,50,1.4072727194242318,0.42080036519105946,1.4182428870755968,0.3354034432632238
51,51,1.4149031836150328,0.5617970773631256,1.438869162163571,0.38125744140671225
52,52,1.3217445615670615,0.6168463505638324,1.4369119530620296,0.3500193978115318
53,53,1.550388139761472,0.44831824000970455,1.4519135715898852,0.49375551515028304
54,54,1.691014945295623,0.6728309772189944,1.4407530687515355,0.5001326102834951
55,55,1.1765880948319976,0.16145079130464168,1.4425150908021143,0.3463788774459715
56,56,1.3270862793037006,0.13922969767215276,1.426811094252728,0.36488447737863927
57,57,1.3506472951072848,0.2961161500682117,1.456380366142035,0.4723913517553542
58,58,1.298977145598564,0.5068926736669943,1.5483446496782076,0.6483157174025851
59,59,1.2124811406733609,0.41285546687517316,1.4171929261623681,0.22902794284850625
60,60,1.4914416450473296,0.5560929690738061,1.4348030602522817,0.4047406382357863
61,61,1.411668248210338,0.2888203427806557,1.4209119339860672,0.36578433257313314
62,62,1.6175076611990296,0.7208864045313153,1.439269852597909,0.4399920000722468
63,63,1.4640236826089943,0.10658849516326363,1.3919692456557968,0.3247414941693294
64,64,1.563303432133842,0.6045838640181551,1.4663412245711205,0.513202651328156
65,65,1.552137508691838,0.3382918412232314,1.3974978775778122,0.2963094553031844
66,66,1.4261423129663309,0.608276281172162,1.516298558072308,0.6085190230745519
67,67,1.3817577375547434,0.18419730301156045,1.4240058241613645,0.3499162953665862
68,68,1.3308887422276883,0.39611969972934524,1.479013930165551,0.5080616610822433
69,69,1.2762432571593025,0.3828113492686058,1.509730924687122,0.5854447127770368
70,70,1.4422204003925554,0.44346352591107463,1.4626091371205312,0.4898085879984917
71,71,1.4111065160253797,0.31051563762943557,1.447216433576509,0.44349693561160874
72,72,1.4131362894737722,0.5371153880620687,1.4035697752086305,0.18687589592696208
73,73,1.503304306384422,0.5405301970176222,1.4113281988029376,0.3051200257313731
74,74,1.4130238872320875,0.1521129396293195,1.3827603855384516,0.1820631620661315
75,75,1.432283779974637,0.4000439928320181,1.4817135046065506,0.5496417548870518
76,76,1.6568820877883075,0.6640077858268336,1.5404086388253748,0.708961089342595
77,77,1.6322514650117714,0.49695314375128063,1.412476671438126,0.3925142732411748
78,78,1.2948729848356573,0.47769624278880496,1.4639030972849714,0.44749559868557265
79,79,1.5204086330746431,0.5309582002791093,1.4340728567718963,0.42051966004283603
80,80,1.4364738656157288,0.29838890127802475,1.5195740228181995,0.6676805349108457
81,81,1.5188641085607317,0.6635114203437515,1.4747491621012008,0.5206815046111632
82,82,1.4631023141561539,0.10757096424868307,1.448002391358626,0.45008381072193027
83,83,1.4697607002138788,0.41583748769689244,1.432541789643617,0.391708482855452
84,84,1.2281632650325276,0.4548907711949459,1.5000669625729646,0.51709441628191
85,85,1.4896506248612782,0.3160504054722235,1.4196146415800195,0.3495265648514554
86,86,1.2337657975972391,0.47956566030792525,1.463331907905514,0.4118486252759763
87,87,1.3535186401065125,0.6103732788621041,1.5021253234744703,0.5703592253312637
88,88,1.45003042706367,0.4332216586051332,1.5091366291652275,0.5990071993614294
89,89,1.3876965045451386,0.6464662816158468,1.4926816619214012,0.5377764252279467
90,90,1.5514415352574313,0.36401988479170244,1.4214371880610295,0.41230740936954735
91,91,1.4855153335972562,0.6322812461106526,1.5237683533821291,0.648881228950819
92,92,1.493054674756305,0.4187780850950631,1.4266707595319346,0.3824281170232262
93,93,1.4918042044416338,0.3416076793305489,1.4319596062749709,0.42269508058548233
94,94,1.4977739773588596,0.4059692138199913,1.479713362523849,0.5344309502753206
95,95,1.4094802219455347,0.401479627503988,1.4079470970492256,0.2809080144599059
96,96,1.655473335914688,0.7912023735265512,1.4327795493530184,0.43968505486625453
97,97,1.6332462481037715,0.7567242371958849,1.4658904026866941,0.5235271482162895
98,98,1.2985880057688253,0.038007755358871353,1.4348049325596983,0.40911084045456736
99,99,1.5742913783340693,0.5683176394358367,1.469895189019334,0.5625729408200146
100,100,1.4317586222117376,0.47189183274344426,1.4736658853734892,0.5274372414738808
101,101,1.617034050027739,0.31503129536286334,1.399427652953615,0.3608872185969476
102,102,1.466860276918491,0.119170962374604,1.4191570642358597,0.37786531990759586
103,103,1.3116912346620475,0.1915776070580919,1.4395587882794767,0.37719473289986283
104,104,1.8365488317256813,0.9923955165132865,1.4778371915344533,0.5897917413156826
105,105,1.5063958848674532,0.68094316642819,1.4719092497089574,0.5172116990942675
106,106,1.6609137890886971,0.8246044633840612,1.4588957293065905,0.5053577920373908
107,107,1.6270538354387831,0.4807814381841906,1.3984681009530322,0.33814911913412304
108,108,1.528029315033052,0.38332558932530825,1.4481884289132922,0.4684207383206078
109,109,1.504901145004209,0.6122250181159474,1.4685835741837614,0.509704018427465
110,110,1.0303150071653044,0.051964353279968734,1.473953512674915,0.44208885533795783
111,111,1.5121753964674205,0.3073600299951327,1.449694127008584,0.5174546496701473
112,112,1.323544453830512,0.5014798878113091,1.5246552877566697,0.6204318502290578
113,113,1.5703571683235409,0.15004315372465937,1.4076118282107801,0.38669007435181424
114,114,1.4824952020292845,0.7226893756675192,1.4286590369004206,0.3661781122523742
115,115,1.3030626308962037,0.00043749742304566297,1.4680276249447322,0.5130386820191846
116,116,1.513774298004574,0.6476714163283095,1.4835353672122582,0.5307950096067628
117,117,1.4759965870720595,0.442498298037731,1.4517734344995583,0.46784254730872954
118,118,1.670108039438235,0.5215970442826241,1.4137817137625008,0.38165334874993606
119,119,1.492017983239456,0.4744354367945727,1.448706226507071,0.4627672706434369
120,120,1.4510110218901227,0.48354461608350086,1.4913294902954017,0.569538437111877
121,121,1.4101796159493267,0.4238096809623193,1.4221458586291806,0.37778327156151237
122,122,1.3623136300549095,0.3665612494110224,1.470945649994056,0.49794634041401364
123,123,1.392451795162631,0.3509295807340096,1.4318318787530122,0.3393085977812449
124,124,1.2889195440186032,0.27888944098452306,1.4814909548329116,0.517655339716355
125,125,1.3436762860933587,0.43328801796549987,1.4128828688259571,0.23929136107465387
126,126,1.534881225443737,0.5881546052242466,1.4711300907093328,0.4918501716293018
127,127,1.4143270018554266,0.30438275910790846,1.4363032008523142,0.38977416952322574
128,128,1.39612954233182,0.4937285189369498,1.4355296860615907,0.38396469697314606
129,129,1.533933604940598,0.5523661297292377,1.4311256556496843,0.41776242374898054
130,130,1.443684666886881,0.5110498638708867,1.466038548446419,0.5017827140728621
131,131,1.4208776874105622,0.44094887052935006,1.4098221937767563,0.3041099410118888
132,132,1.4891948911891773,0.27799714955254773,1.4351994950731035,0.40327484067491026
133,133,1.5257004727857055,0.1791707691325155,1.4542602093905006,0.5253410172875839
134,134,1.3760038799529273,0.39141200550601063,1.4722779269561153,0.5089050944983389
135,135,1.4506651966480972,0.4665961043734237,1.498115361583889,0.5752601160814503
136,136,1.5312270261493053,0.3130492981632016,1.3991950059764624,0.31380475218077697
137,137,1.4727566435146757,0.35908331976405883,1.4243057804702932,0.37406824538722017
138,138,1.4921957098731229,0.6197891599688248,1.4604446769884243,0.4911168054951216
139,139,1.7004786249319892,0.46027026415183725,1.3770093627211644,0.30479619664439683
140,140,1.6882914137875535,0.685657208935389,1.4773225231547187,0.5723330469165848
141,141,1.2378894358643067,0.5504648405576469,1.4921075647744761,0.5105456365378509
142,142,1.4045510204349427,0.6294885733973623,1.4511954098053035,0.4146778633193833
143,143,1.4735888136928377,0.4632634701678531,1.4651751321816433,0.5121428426008348
144,144,1.4786094751088945,0.37285782754929464,1.4167427701973903,0.3573775095551417
145,145,1.493939845498895,0.7320233217835326,1.485487925473972,0.5283685232918649
146,146,1.6469966987084337,0.6592283731316662,1.4832810446039133,0.582859474252095
147,147,1.6660696746350336,0.5100286390087216,1.4586327600583597,0.545652367546273
148,148,1.6169093409078799,0.7673052238947906,1.4581547386236615,0.4958268055835888
149,149,1.4552548178342846,0.5012163848913231,1.4189786536209141,0.32834251721683616
150,150,1.7029612425734464,0.6939849028484137,1.3809326973420903,0.2984628191497798
151,151,1.7828220485373758,0.5438108705013942,1.4321682319359046,0.5105831688346667
152,152,1.4532536141660723,0.18443616174951005,1.4024306715455208,0.3188721682265685
153,153,1.5674514951855936,0.3891683126835761,1.4267032477183965,0.3571727706238388
154,154,1.5156288168157215,0.3906655144395059,1.440916013295399,0.4532829868509669
155,155,1.4484355731394039,0.7329828522657995,1.458091045392062,0.4507269135229084
156,156,1.6266702992485689,0.8479073747752803,1.517841209087614,0.6339404533579835
157,157,1.6021163903845534,0.4902258481529067,1.4397510457822453,0.4399947759703675
158,158,1.46210404941181,0.5928213290441371,1.504941917067584,0.5991215332361701
159,159,1.4423585288830534,0.5700028873129424,1.4560867109425064,0.4429718810641208
160,160,1.33037899547273,0.3274262781422288,1.4086723938214536,0.2548193574987341
161,161,1.5715046892756754,0.8737339383582796,1.471961746466697,0.5093711774818548
162,162,1.2878364021233077,0.4247536849903004,1.4648223434148224,0.4511626457185134
163,163,1.6278348602693433,0.7410717170523755,1.4862721841279622,0.5777895262790245
164,164,1.327435668512797,0.03186782825738277,1.4012118585420863,0.21727571339686502
165,165,1.5413022265281993,0.5222724239186562,1.4820966392169885,0.5746952168805959
166,166,1.4900214324425096,0.4128174243139582,1.4251369347322322,0.38877988395430085
167,167,1.48513433686248,0.3824016972435973,1.4575716233433966,0.49764812683562676
168,168,1.3950616433816025,0.38038239956424835,1.446205284792302,0.3990291694441841
169,169,1.3269511785972867,0.5487431083829368,1.4697084511136351,0.46410034899057173
170,170,1.6011185149834313,0.5166817135631643,1.3759184248139065,0.13333833067059375
171,171,1.3846471053634983,0.09047779165923941,1.4583784120546188,0.5103365178763206
172,172,1.315032760042346,0.4909596743868341,1.4770852194834942,0.49302579006329994
173,173,1.4317455227871774,0.28181850305842104,1.4472666646492836,0.4730613187316566
174,174,1.4563850295286802,0.32487739586092257,1.4544693964105408,0.4747300146335647
175,175,1.597383330857091,0.6362908247428565,1.5162904901262593,0.6533123408211869
176,176,1.2152891684993636,0.16810470980668946,1.45912191003429,0.4501659539638534
177,177,1.5175487046553588,0.8282189009420184,1.4951273885803946,0.5662119051240833
178,178,1.6707284918860694,0.6767316728501238,1.4083094773903313,0.36974692732221026
179,179,1.3678119948384548,0.5823537618064818,1.4841158158796157,0.5102630682143001
180,180,1.468485429900855,0.45785877761572014,1.452344915440773,0.4893978140260229
181,181,1.504999457431783,0.3913110729164142,1.4205630655951371,0.3596856539882216
182,182,1.347027923260636,0.602595942667421,1.6023420122499694,0.7763480228849633
183,183,1.4840640192401957,0.5121430526286761,1.4191903849211487,0.34930095503540537
184,184,1.508011186944727,0.4068952056412334,1.4312655168344675,0.4151422356408059
185,185,1.1768878332748935,0.11191816061338011,1.4831109380833067,0.4822742605300454
186,186,1.4630213560632532,0.36942013511176164,1.4502156822007601,0.44107292426561795
187,187,1.3483065678036743,0.4356071925736664,1.4494745977420893,0.4173548350492555
188,188,1.2815557788794443,0.2543943028276936,1.4468464808892385,0.37023503863957785
189,189,1.5113888342275346,0.47063554760525506,1.4243979592027802,0.3994034188528004
190,190,1.4646411752734023,0.41754304677243725,1.5599546212001083,0.747033080798154
191,191,1.290740453546393,0.3145024071011484,1.46842994063685,0.42752106799686596
192,192,1.2587298161238738,0.19665288884444454,1.4148387381082048,0.2359810571687544
193,193,1.9094154726037866,0.8276217479350962,1.450467100559754,0.5649229839840961
194,194,1.2944554233897048,0.32927521539334803,1.4464888639258913,0.3912626595808595
195,195,1.627628664231879,0.41219667936183413,1.3968707679539447,0.3289596594597346
196,196,1.4679358768722717,0.641616226411676,1.4848145754255355,0.5400719964550094
197,197,1.5134757984470613,0.45773193261765455,1.4408888157938777,0.4252837456080636
198,198,1.4211204667593003,0.4303599251936605,1.5172531614754243,0.6370916809797
199,199,1.5761666449153124,0.37256788492232573,1.4255683179736032,0.4380585041608782
200,200,1.4336058696560448,0.45910626919889763,1.5066204438467707,0.6107265842816756
201,201,1.545452805475662,0.19830929757312,1.3998367419871305,0.33176148473402867
202,202,1.3000721775509734,0.29122058526024297,1.4323194465005622,0.316336261437665
203,203,1.4639305297593426,0.2949856198046126,1.3969281908461182,0.24029250113701783
204,204,1.5877866944201282,0.5445051531066225,1.4107265736460004,0.3654033403217434
205,205,1.4317256962186617,0.45412350499898,1.485424143003578,0.5555952860441007
206,206,1.50226348387254,0.35240410505400677,1.4447594426311094,0.47973028146168506
207,207,1.437070411761047,0.41312714598757294,1.4839153166942765,0.5416278344291166
208,208,1.4057976459039336,0.6066280172682177,1.428939400365916,0.34985038288653225
209,209,1.4884100519376333,0.6357704102033068,1.448167710682351,0.43848044993120894
210,210,1.5739893647461267,0.6755109774828494,1.5370659221490304,0.6888465604552065
211,211,1.4844057109284652,0.4779670165461898,1.4583773529478177,0.46105013943786366
212,212,1.344624979726544,0.5855363593827505,1.5125163698047497,0.5842938389550518
213,213,1.4299364569205157,0.43522620299335113,1.4578176717766338,0.47063203255040786
214,214,1.4716141149714486,0.25189366263744395,1.4395084101799085,0.42472906351890005
215,215,1.4007844354788221,0.3275412970345366,1.442971451532319,0.42549471740811073
216,216,1.5279072710104,0.6367618510585671,1.4958198808615235,0.5729148516271807
217,217,1.4557953583028664,0.2350983255888499,1.412706688258445,0.3096143355131442
218,218,1.64537032486282,0.9177457876391184,1.4372797974812874,0.4421542423448517
219,219,1.428511446358539,0.2855157953835321,1.4471585757730143,0.4432859519772063
220,220,1.5114067654254555,0.2481084511614844,1.4265739288933343,0.385081245755563
221,221,1.3597493800139433,0.1607697732337834,1.4423813401952694,0.4429998326440523
222,222,1.5318531983995196,0.6888340385427578,1.4939897989087814,0.5653024735766419
223,223,1.281278638006897,0.2809531909854246,1.4463455472941393,0.4252310736347731
224,224,1.4677747537777173,0.648981724170921,1.4398464058256633,0.3951836403918425
225,225,1.4630283948752527,0.42432298501237575,1.4460779429775252,0.48719750632167536
226,226,1.5549581185359198,0.6609943745087588,1.4508655140370983,0.4704272844348667
227,227,1.3682289938521521,0.3987828256708279,1.5642997591987458,0.7335337650696059
228,228,1.4538948915021581,0.46042527002649747,1.5181993082414564,0.6395819991534974
229,229,1.4484141038908445,0.2369541139214486,1.4406650076612217,0.4261927173651716
230,230,1.390939828180153,0.536228824117889,1.4419563449614141,0.41373947243506226
231,231,1.525019077168052,0.6224674168044135,1.4721279804547,0.508330337131218
232,232,1.3564213348368948,0.5858243551197226,1.4743793869977224,0.4828026993297656
233,233,1.5087408411645433,0.2358674328831425,1.4048708975722688,0.30883524702057086
234,234,1.5428525623863276,0.3633935588102024,1.4507551578664863,0.5024896332564053
235,235,1.6177561125180195,0.6566651799851573,1.4717651212654537,0.5326174106520716
236,236,1.4866408395525468,0.33211996801964583,1.4651273868197128,0.5379231541372587
237,237,1.4811214435329125,0.22650266922727358,1.412789971587595,0.3575987128396765
238,238,1.431395627779386,0.2942709559648824,1.4140627222489996,0.32467754735979604
239,239,1.4738830192400807,0.534986014464157,1.4487165538871134,0.4679128348720383
240,240,1.5964497123795511,0.4136981645971818,1.445149240631058,0.501293005903733
241,241,1.4487771459331193,0.8406607600378044,1.5292168899080263,0.613376616709806
242,242,1.4402843743316942,0.12151322208226256,1.4412729112282185,0.4555761234367326
243,243,1.4122750117903087,0.29388440490801004,1.4663367969361791,0.49531100689386687
244,244,1.6781457931332542,0.6585432040424672,1.5157572638281973,0.6732338810549146
245,245,1.4717103164987162,0.5294158877141015,1.4330101471592658,0.3711947232619526
246,246,1.2961521774930833,0.25790067550391926,1.4344816986884292,0.3572883348683229
247,247,1.6999955392551225,1.0451093106020641,1.5342123364289282,0.6828923684708132
248,248,1.5934493779143997,0.6883661217405459,1.4430768133453105,0.4823516329695825
249,249,1.284084874091291,0.32115564069473024,1.471167454699709,0.48091697478987827
250,250,1.3880366684518,0.18728698242215058,1.4056441646667723,0.2512754397507906
251,251,1.7388712870504592,0.6275379953765237,1.467040281312834,0.5607359545176589
252,252,1.3997886791006342,0.5888044703422151,1.4847572383953136,0.5096433278750139
253,253,1.4705205769494074,0.4603275748548805,1.4393759764227456,0.4409204233478117
254,254,1.5170242304276045,0.5548768779578208,1.4645675495411576,0.5209898434033802
255,255,1.5895291211933473,0.602668882716126,1.4702508172865232,0.5379751930250278
256,256,1.430318418962583,0.23943995145241814,1.4159594262852164,0.3539016155048591
257,257,1.530503170587379,0.4325098720976448,1.463665713570507,0.5567272736938516
258,258,1.5275214291921504,0.6370525073262812,1.4584979198046262,0.4617327842414487
259,259,1.623964709683497,0.932472618312763,1.5216583585891164,0.6348566131345934
260,260,1.4599112505645904,0.5296155098641573,1.4333557897114453,0.3839582111648445
261,261,1.4361912598897344,0.44774439426553947,1.4482807321919424,0.41158853429139475
262,262,1.5275937191782638,0.256846485736824,1.3986773254715825,0.349047500963823
263,263,1.4553304092717843,0.31877727288342017,1.4367512557514348,0.3847153732440929
264,264,1.3039355565229986,0.16123419833153108,1.4364565428126543,0.37005178714641973
265,265,1.433876137124925,0.4239222299080514,1.488038460958142,0.5611992238022951
266,266,1.2900628420689817,0.3222085314566012,1.424750420847247,0.2701137996062237
267,267,1.4833303035901624,0.4622314629874906,1.3939845191525086,0.23250470702158843
268,268,1.395244885386173,0.6361643930312488,1.4420697160790232,0.38801603754522507
269,269,1.3753638945429678,0.20460760761655905,1.441100727393269,0.408411930207496
270,270,1.580698679721181,0.8171717167293675,1.4793137477806806,0.5167589539177055
271,271,1.3568313402327834,0.5823535485697775,1.437296255326463,0.358448262809695
272,272,1.6219725672562713,0.5185916855915531,1.4358576798786915,0.5013455415082197
273,273,1.2291990362823744,0.18981566806386763,1.4438625753848842,0.37024474034492405
274,274,1.4854056168054641,0.33573417701581176,1.4341430954772103,0.3974093282084805
275,275,1.481240949380012,0.6070849968646947,1.5227098742247662,0.6491574970735545
276,276,1.5143549969946861,0.5766966434049605,1.4016957378455355,0.30283918648042096
277,277,1.3666422623803574,0.4344723402976216,1.4479599611052125,0.4436567179116122
278,278,1.547984171036438,0.4208688613101512,1.430196166088976,0.40382734631694994
279,279,1.4427365235390035,0.5756461845748122,1.4908691701833918,0.5442744300158471
280,280,1.5266920466689589,0.4234777972893138,1.4378560479042426,0.4355067893399891
281,281,1.5241235001095126,0.17459820535260695,1.3935797425194734,0.26079905911851986
282,282,1.484826722621589,0.8468991041256393,1.5493172813926253,0.6696567228856489
283,283,1.417224280723928,0.26763394976816635,1.4264996648733492,0.38412672446137597
284,284,1.518070089509606,0.48280883222048443,1.441091306536386,0.456136693693467
285,285,1.4025799193021458,0.5608487323454092,1.4466970053368027,0.43895595272039145
286,286,1.5866977664945656,0.7600285521981682,1.5167831365387232,0.6294384131671964
287,287,1.5363444722267754,0.7576009544531939,1.4860765929212638,0.5528219152687792
288,288,1.7478091902083932,0.5893678953326456,1.429714380551831,0.4620059365090099
289,289,1.6591951425078528,0.32105816451158553,1.4577237598306763,0.5612527431219143
290,290,1.4293555272613958,0.34182752812982375,1.4264073374776889,0.37830812447120765
291,291,1.562454652996481,0.49278587171106203,1.4611633049310735,0.5166524996842963
292,292,1.3858250661228422,0.3021626705673506,1.4782105959833616,0.5409178828784502
293,293,1.4595491578706843,0.3141597920267212,1.430743629612615,0.44223628944421645
294,294,1.4992984419223598,0.44828560096242853,1.463335218927685,0.491540840660619
295,295,1.3865825773934803,0.5295041737068975,1.4380713550865232,0.37300657110768176
296,296,1.3907525309989082,0.38698371513443597,1.4572042689867886,0.4596323951995225
297,297,1.3038840514617545,0.030414021292308302,1.4119069006152942,0.3004878155402828
298,298,1.6423890651174167,0.7336244500196294,1.4410062170675115,0.45906429674282867
299,299,1.3840770637983921,0.4824606970795755,1.491517766794081,0.5607859892257636
300,300,1.6385922872381626,0.466643922915853,1.4929133015458134,0.6195182919736606
301,301,1.486926245645553,0.4884891786504819,1.4520984492469071,0.44231341687089554
302,302,1.5085518618865796,0.47536597462174734,1.456629570195819,0.4947270080231436
303,303,1.4411277103102467,0.4625320944978628,1.438114258828044,0.4044241523971941
304,304,1.7546340847010369,0.9131400132700778,1.4800911169249438,0.5842595690539456
305,305,1.3697451244234233,0.2669068758932909,1.4758882891751128,0.5523934977436609
306,306,1.424194773920487,0.4761180195197934,1.4309046738163407,0.36800984153785965
307,307,1.5891677744223065,0.5106835330045651,1.447931226782575,0.4878376953692456
308,308,1.3791513983575503,0.22746750412046834,1.425178540734616,0.3518666353326787
309,309,1.4634029789136287,0.4721037449609806,1.4045663892839642,0.29732999104751645
310,310,1.7354802540373049,0.9012515372144767,1.5381536311904884,0.6941557831830987
311,311,1.3425455769907482,0.41872031797770193,1.4407249069687948,0.3670982722929339
312,312,1.5465223510407242,0.569072824787753,1.5016540227040172,0.6133042911700137
313,313,1.564486998476886,0.5723857564123844,1.4808074915326708,0.5503790515256486
314,314,1.3114770467058265,0.23953023056119704,1.4337468113656968,0.3510496759302546
315,315,1.4396780812155432,0.580493996657657,1.4708156223162607,0.48918536525002887
316,316,1.6656858023416037,0.685334996435826,1.5166594075668045,0.6770971516178728
317,317,1.3502475413736488,0.16057165592368472,1.4246051481088609,0.32793199348880053
318,318,1.450919007380884,0.0628838665673408,1.389740550784964,0.2395090393792172
319,319,1.5928798267722009,0.07916468577737534,1.411698146939152,0.3997819002308196
320,320,1.4055632677106944,0.6236131483354268,1.4775373583496534,0.49265673380947783
321,321,1.556249652901239,0.4333958382937859,1.4151373210012659,0.35199826964319225
322,322,1.313631930015718,0.4951179521146747,1.478189685943033,0.4825179905315591
323,323,1.7509306804482863,0.9416915090801639,1.4552075799641924,0.5419288780906042
324,324,1.473644670872157,0.7766537288957367,1.5369453478114403,0.6419672726419381
325,325,1.3445317828239667,0.2795190650008399,1.406931059035213,0.24846950800290557
326,326,1.6891824624983875,0.7383824409083211,1.4191624081568117,0.4180073151607293
327,327,1.4734999656285435,0.2178906098548552,1.3814078357827868,0.1833940970986121
328,328,1.4764531215146346,0.4518633071754401,1.4396364447542567,0.4358475794910106
329,329,1.3178512977149337,0.36184995706878453,1.4980105591028863,0.5586726580083621
330,330,1.6106811147203473,0.5487679683724491,1.501217899122118,0.632111794267185
331,331,1.5418569662294268,0.5120310348241692,1.5112819852889834,0.6306878999901468
332,332,1.218332710217685,0.02891673295777153,1.463606410899149,0.465572099158472
333,333,1.53968521711235,0.25253620685326705,1.4329526420728722,0.4299746788716976
334,334,1.5352468667860228,0.19001561042897785,1.4129860645867476,0.3999168157876687
335,335,1.4064018427678375,0.36728108258921344,1.4636808865947402,0.4842333307803943
336,336,1.5524700586487696,0.5905363873289815,1.4318961440042297,0.4121502071039722
337,337,1.4254846903371987,0.273407367756239,1.437624475933974,0.40540976161934417
338,338,1.4386525884622792,0.4286549129949804,1.451315296894769,0.4630703393497968
339,339,1.3718255837924556,0.09396169949496791,1.4058223274668866,0.2956081194883966
340,340,1.4813198719371177,0.5131411227323399,1.417959809191327,0.35059714257987507
341,341,1.3824054206252847,0.27201700130288,1.4044576043427432,0.28607141505154354
342,342,1.7914991759888585,0.7923684805965401,1.4256023655980077,0.46104078208679233
343,343,1.616696423254522,0.6426952680029383,1.4787093132128355,0.565674955503658
344,344,1.3181930981285261,0.31608000530274394,1.4524406447949887,0.4366044651569987
345,345,1.4832664255151855,0.4381001575031016,1.5126362387585675,0.6252473125764615
346,346,1.4512806806283565,0.3493818537833091,1.4255962073949306,0.36217261587823835
347,347,1.5609361357272205,0.5237441937949647,1.4315320862666903,0.45276008318394867
348,348,1.4563719880717614,0.4081490946740507,1.4724129327538111,0.5117266614776272
349,349,1.3603140160889684,0.4956319693748532,1.4811168397177958,0.5280464418320845
350,350,1.471255009321438,0.2402975144167394,1.405735743911783,0.30632487530423225
351,351,1.5011820441729569,0.34063295884495215,1.452766737520708,0.4675687439613889
352,352,1.2069189781706267,0.1960113388193978,1.4546472204140843,0.4218981019146786
353,353,1.4647421569438384,0.3953087995051061,1.4147971025828143,0.3142603744622203
354,354,1.491814708009699,0.5567247549698897,1.4281667855427045,0.3918421813421613
355,355,1.563078221153254,0.8491301125678068,1.5369230469697408,0.6746715901600138
356,356,1.509812183603833,0.3493697131331799,1.4201249980177304,0.39624818545905516
357,357,1.5291251081422788,0.674927413881381,1.4342492369982682,0.39963961631033174
358,358,1.4555247144757426,0.3970663197712332,1.3921737447017943,0.22312537478000793
359,359,1.5187537919021226,0.5199948864537616,1.4468439163945284,0.42666786773688603
360,360,1.622906671437853,0.4992566707054249,1.4323249355474643,0.4811326612241906
361,361,1.5316975714901697,0.5806377469190873,1.4766890260761663,0.5252966000092347
362,362,1.5358604561587035,0.3471109214812347,1.4445344101643838,0.479658840710119
363,363,1.4122965002307546,0.31702216730981325,1.4042897580683003,0.27090640251408127
364,364,1.403251259727674,0.15244205852239023,1.4105265347103555,0.2813423775894033
365,365,1.7131854158555118,0.5065705980513906,1.4038971180255877,0.4044761961677166
366,366,1.3647513311136774,0.34049390859130124,1.5202127525119884,0.6405920510108154
367,367,1.4006828358292285,0.1618099242153601,1.4544220273582606,0.45582553537561354
368,368,1.2956935123007025,0.35163865363538127,1.4509910810534397,0.4271345153587083
369,369,1.254092972538274,0.15317605029540493,1.4292390082156967,0.32331042419810796
370,370,1.6412669456991258,0.712785014143682,1.5058505247358016,0.6428953533028778
371,371,1.363605417905392,0.08720636393547876,1.4102043232107642,0.3147862751149284
372,372,1.6013817957035774,0.653409590495031,1.4475330588256354,0.4397051691554146
373,373,1.412615846637735,0.6194247769160954,1.5340135111837014,0.6500722897680058
374,374,1.212424436752177,0.29426714738689386,1.5156660969727838,0.5865871429440417
375,375,1.589408396335974,0.8457467377126595,1.491298304919883,0.5759966017687397
376,376,1.5035825286159241,0.3439527242711633,1.3848708649555916,0.2029973965879952
377,377,1.3722063980451915,0.6306505080595417,1.4891948894702278,0.5239207792349392
378,378,1.77285434665933,1.0419173258115428,1.550952111826023,0.7342985400314945
379,379,1.2475967522263205,0.27123950111468975,1.4268846733665594,0.2835180141260327
380,380,1.5199782338326533,0.431485076521112,1.4430919542749134,0.46213734235835213
381,381,1.6009371056205,0.4988325072530846,1.4407532861734107,0.46555603226843933
382,382,1.4347380559063798,0.527009109794947,1.470035762592977,0.5045022332267299
383,383,1.4554214389199076,0.6983668149004458,1.4934720282898355,0.5699622209619775
384,384,1.2326317684274983,0.31478945097343436,1.4563017143623478,0.41395633848561575
385,385,1.4123018135103749,0.5665904386486242,1.4154201360946277,0.3246425311699337
386,386,1.4399496068089512,0.49848579987393205,1.5154994429812119,0.6263667422299224
387,387,1.2720876127434102,0.181828206556097,1.4341103193056681,0.35160498641975924
388,388,1.3795333534256025,0.27618622896126244,1.4247128372414788,0.32205333941567904
389,389,1.4805954728339772,0.5416745607101112,1.4733251379752135,0.5105686923397896
390,390,1.3950079249582834,0.4137603479113525,1.4234663407228234,0.32699230310790206
391,391,1.390013541874653,0.12255806088600218,1.4254524441855505,0.35001352011632214
392,392,1.5074422460095653,0.803805240784154,1.4317192929097282,0.3581085811245064
393,393,1.4832687443028936,0.578092657041696,1.4126752726656082,0.32578446549873696
394,394,1.5291223619774927,0.6862383742459328,1.4892293044560554,0.551105447023641
395,395,1.249964929963226,0.4227466295064093,1.4699451035370112,0.460653618924066
396,396,1.3636853569062672,0.4566238243037648,1.424931389991938,0.2836427385759972
397,397,1.3905309298758006,0.0821419509634902,1.387795066827208,0.10083373018270159
398,398,1.6082835245858895,0.39127603412842893,1.4305287528120931,0.4079450338624784
399,399,1.4926924546557965,0.4491210584294496,1.4564982060659657,0.4856087392325783
400,400,1.6264007790856978,0.7417885035719105,1.475190672531803,0.5327526410861574
401,401,1.4483332863986615,0.6897794188295809,1.435947390092197,0.38841938118746056
402,402,1.4780213421952695,0.5201094518939087,1.4849883437811833,0.5557692373834713
403,403,1.3028978851319815,0.5293208578093562,1.4696136549364383,0.4889709526446566
404,404,1.487748550239887,0.25793548598163607,1.4417568869181403,0.4096339032962475
405,405,1.4704147206147735,0.29645255105367463,1.4215675577425957,0.36265499448087235
406,406,1.5449182954218703,0.5524295603078766,1.4489705593977409,0.4444419017901944
407,407,1.3718150042133377,0.6323588558937336,1.5089482619998462,0.5587831083498513
408,408,1.364524979281661,0.5245236240048206,1.4244169468581174,0.31054530080987375
409,409,1.3861784148184195,0.37180120795500127,1.4566002946118044,0.4152671679041533
410,410,1.6811666021169245,0.43902532831037355,1.4208175348734609,0.3934342108323339
411,411,1.3979042410004245,0.7460987462835043,1.499321567337858,0.5399706806830658
412,412,1.543563775578959,0.6614028651434039,1.5068336740505262,0.6211350384157668
413,413,1.1858942422710197,0.25795641212017806,1.4820635680783658,0.5017337911760809
414,414,1.3141641852847654,0.18555547830764674,1.4415453925224606,0.40076748999602163
415,415,1.52381882380643,0.20964802602209875,1.3727112703637219,0.11128660683136449
416,416,1.4970801561645137,0.6613022877954831,1.455969625858559,0.48450254854079056
417,417,1.4996391630739547,0.7105799782751028,1.4780016349234395,0.5177117984247852
418,418,1.5606589877584038,0.38530202587974083,1.4528823376673836,0.4991423295984716
419,419,1.4238351920066654,0.3997424842479851,1.4245187564046908,0.398875870715945
420,420,1.4351463965677946,0.521483410544576,1.4569236833757238,0.4591654562141647
421,421,1.4877875437793566,0.04577570984527268,1.3947719554579705,0.3375127353904843
422,422,1.4952959514648907,0.345020963748921,1.41759371720236,0.38157095457666035
423,423,1.4391113200654324,0.3210855139961746,1.4522486318111558,0.4744466636945317
424,424,1.4757884610119203,0.46742573742132354,1.4493236247937278,0.4468131771712045
425,425,1.4767814336570422,0.2698841666953218,1.4542544477024877,0.4618102376332116
426,426,1.4647758524954055,0.32163933178896853,1.4796766809258615,0.5516839759724816
427,427,1.2587662724492896,0.013150599714541134,1.4524301919855063,0.41515960318233214
428,428,1.6147456243927292,0.8026888731810673,1.461669743493229,0.4999195297329435
429,429,1.4880148616631856,0.4873069325521837,1.4944136372608405,0.6012665259938612
430,430,1.7579295916926196,0.7488104524916208,1.3999985687014234,0.4044996093394939
431,431,1.4092111868400585,0.6652718643040196,1.5106855058460347,0.5914489048525491
432,432,1.2938866455036537,0.32565308751654154,1.406836693763432,0.23421254577805461
433,433,1.7044715084307402,0.5378706073497428,1.4193280651300129,0.40052729157073497
434,434,1.5194788604130325,0.423538731434121,1.3939697148262082,0.29783145194429705
435,435,1.5721898843753377,0.5078448174503398,1.4610056990586953,0.4769686609186716
436,436,1.58376794898463,0.5208555499749621,1.4652485893883356,0.512407437800479
437,437,1.6690694923852658,0.5209961187022496,1.423075082125578,0.4524025055806482
438,438,1.6851633801831152,0.640397825454325,1.445341786587884,0.502308961548124
439,439,1.6302304335201796,0.40395630195999477,1.4428740407039997,0.5004229624056666
440,440,1.5005366761727794,0.538989997725476,1.440629610915222,0.40505675912761285
441,441,1.3926988017617794,0.23550187009296408,1.4108102449863362,0.309709570209292
442,442,1.3999035005355596,0.14619552332178998,1.4027533586014627,0.28243917474501146
443,443,1.4374327959420057,0.42722130287469984,1.4303370968436726,0.3919928704116087
444,444,1.4394553038886204,0.3765513183934939,1.4263386812601582,0.37160550236345236
445,445,1.5197779779703577,0.13749119017074918,1.4016843658962848,0.3406313153722924
446,446,1.47858026496584,0.17524526992479927,1.4455417700251831,0.4700243105326658
447,447,1.4290827077805108,0.0877320544848823,1.4160267820144992,0.3486737263243884
448,448,1.470558078790009,0.42762019883699365,1.4772203512655706,0.5518380445440498
449,449,1.5198323833915897,0.24642118344518416,1.4356953836481778,0.4451055483963571
450,450,1.3423067186340156,0.40169762119231356,1.4101682481217583,0.28127729277130875
451,451,1.4971935075266805,0.5732069474556658,1.4845150602192387,0.5496100455735751
452,452,1.4463014006279944,0.5437780463816932,1.4503715548472225,0.4717844825670334
453,453,1.3671905717513662,0.4871029603625936,1.4954770685940977,0.5715632009261875
454,454,1.2799619670655087,0.25777348961479074,1.4740560107566156,0.5004791337843391
455,455,1.3961307884436398,0.494414134142811,1.4566412762940617,0.45533628214108024
456,456,1.4385384040396367,0.35692273018483034,1.467623724949157,0.5069390357898786
457,457,1.405569487463634,0.18714011437471223,1.431462525283489,0.3866267730542252
458,458,1.4243101549225328,0.2930608208212022,1.4499496006137427,0.45216161212206396
459,459,1.5421230704342865,0.7488680696477736,1.5181533225379549,0.638001220602713
460,460,1.5371407956841014,0.4952053869577355,1.4489078980303904,0.46677564366598245
461,461,1.6959766364143638,0.7897724085656277,1.5547259427638713,0.7508088796179373
462,462,1.6061928494278002,0.7546826961937283,1.4615640336953515,0.4997282602061355
463,463,1.4851145798376604,0.3753600528902301,1.4233260505913148,0.38365982606114724
464,464,1.6302604120478765,0.46830867222582606,1.406698734774536,0.3971132046460819
465,465,1.581806560728332,0.5726450100580451,1.449574305052195,0.48616692596982336
466,466,1.4194622565600783,0.39480087324055724,1.469274518892021,0.510933426328696
467,467,1.5249189863679928,0.4414278011834547,1.4764120628854067,0.5511705102610285
468,468,1.6063980168672802,0.5326945277499129,1.4230291458477389,0.4243408421894306
469,469,1.5412984513360728,0.631623404734722,1.449811363362585,0.4743605854354245
470,470,1.741232937071497,0.8517918511170115,1.4155574068875545,0.4288204723800999
471,471,1.3791877801665362,0.47941810013906583,1.5116428662904657,0.6117654373494119
472,472,1.344349101272779,0.3290545211220084,1.4299956676699936,0.30563377625838273
473,473,1.617320193017743,0.5463879155153641,1.4680112478300809,0.5454108429916018
474,474,1.4064823215022095,0.5101918797023428,1.4147917221656499,0.296773689121522
475,475,1.476692198299703,0.24436164734318266,1.422462865951421,0.3833052664936023
476,476,1.5018473664793994,0.6001524778952629,1.4641599250686819,0.47343536757366556
477,477,1.6034268700103866,0.45694254587002936,1.4552885706263539,0.5393953222274823
478,478,1.382715592481669,0.20281229238950882,1.4314418515741738,0.396937435371993
479,479,1.6815150679314028,0.7848632231553356,1.4856939415059622,0.6035400958556787
480,480,1.5122473021710314,0.4202882594479709,1.4538159022540786,0.48817987616537684
481,481,1.5243420727334955,0.3085369597605827,1.3950179913227285,0.28492880497848194
482,482,1.3381428817194807,0.40706523459841204,1.4027898199790816,0.1891066190637285
483,483,1.6374015783183986,0.7306184500089898,1.4592885003430411,0.49398006660231886
484,484,1.3205765320720007,0.4742850028530974,1.461771017923685,0.48277676504821043
485,485,1.3583964901961025,0.46741416538570446,1.495034019681139,0.5517171941824035
486,486,1.3925734836165355,0.24575527034267308,1.448450630725109,0.4442287811545489
487,487,1.673407007150253,0.9696681308221282,1.48407305200324,0.5523167605971993
488,488,1.5095132351979759,0.3517980106825376,1.4567486137287606,0.493841335122728
489,489,1.625318271852568,0.43394671604029034,1.4257684126953258,0.4193393178586029
490,490,1.2967618967869892,0.22511372884933945,1.4348481862591242,0.3514879152881609
491,491,1.486710525329711,0.6908814978486486,1.4733531948248173,0.49562288957487866
492,492,1.6578566834249713,0.675409028448247,1.4640929732774612,0.5302511350301167
493,493,1.4826609716274524,0.5316544658342255,1.4620029783269821,0.5176634977086323
494,494,1.7494822701264592,0.9720930394280867,1.4827691828807026,0.5697902477664871
495,495,1.2396772192091876,0.08124110494050063,1.4170194254856006,0.2854935470948803
496,496,1.450497535637466,0.37849664229961766,1.4542139799438558,0.44192772165007854
497,497,1.4222558609712483,0.5931759625299988,1.4505519583134066,0.4511659724282806
498,498,1.1785483527953309,0.3749391220089797,1.4601871218278324,0.42447702681052224
499,499,1.4435852271428289,0.4467472172037885,1.4253438907437677,0.3574402832887973
500,500,1.3685727019504903,0.3276487147209135,1.4386662687314176,0.4378809290253409
501,501,1.5464070006739146,0.3491797838976698,1.4141589528334255,0.3331015071970347
502,502,1.4158937041459276,0.6230589674844884,1.4869247043718206,0.5293631570090769
503,503,1.493263968567618,0.2640249111513051,1.4295767965656974,0.42128128417548005
504,504,1.4539107004998717,0.364262165789663,1.4148614812784752,0.3568939577873831
505,505,1.5655358262034476,0.6202865024909316,1.4849744861311531,0.5728422748226136
506,506,1.5399188017544985,0.663300750231687,1.485485574033552,0.5763967742729035
507,507,1.4764224285917247,0.5310006377399463,1.4172147657665848,0.3269110879674697
508,508,1.6815936134116363,0.31427884952338125,1.367673983858926,0.23589538301219903
509,509,1.3787886351547394,0.4978470103576811,1.430116782907914,0.39092548176675823
510,510,1.3875790073295506,0.5025710447923357,1.394088135896567,0.19564986826459174
511,511,1.3839343110531168,0.40489737227540656,1.440267901640863,0.4053144932117352
512,512,1.3139499595532178,0.615443199072311,1.4583102388733007,0.43418170182745497
513,513,1.5233449292467778,0.37261808663046914,1.465689761767263,0.5274609262598018
514,514,1.6415296314205075,0.6219568482004134,1.440949300853585,0.4843758729182177
515,515,1.4164579272657438,0.20977307081872398,1.450717315938969,0.4844296533254764
516,516,1.3295710593076275,0.5054014371443674,1.474841560075861,0.46600011484046444
517,517,1.3600448102927594,0.4265193061916408,1.465048233910962,0.5039260122030682
518,518,1.4428922892581193,0.3945165144819689,1.4278655612809161,0.3837796000830638
519,519,1.4932873933527668,0.44436705965882695,1.3903098825803075,0.20959490445967077
520,520,1.432874953362966,0.5039612078049927,1.5398233259304988,0.6867882342814262
521,521,1.4133928394365913,0.5917448350176042,1.4279926780064902,0.3622001247972446
522,522,1.518373136070221,0.6992777476837033,1.4659630098502332,0.5186489831245096
523,523,1.4858808734000413,0.514034674647335,1.4542061646103015,0.4786991254204005
524,524,1.5614032921883907,0.381875243289179,1.4201199662262045,0.40616829819924716
525,525,1.7397584331616924,0.5015451804066342,1.40986174075077,0.4394690801961292
526,526,1.5002401010192148,0.12144801143955952,1.4225375758794552,0.42260238318489574
527,527,1.3771523505296983,0.4434558093739711,1.5264090729654027,0.6411601812249286
528,528,1.5233406113219494,0.47021888452999683,1.3926840533637292,0.2478131305891842
529,529,1.4072520508442135,0.22552560695841528,1.4846960665919988,0.5574198496299378
530,530,1.5794805845604285,0.6525369393916267,1.5000483068380377,0.6043208067519408
531,531,1.4437591773969796,0.17275541770604663,1.4387747443665735,0.4532882449306612
532,532,1.4453547691816044,0.6110881566435546,1.4301777223781265,0.40053717441448056
533,533,1.541808685979618,0.23063343507196832,1.410345464517807,0.35769837656775794
534,534,1.4068501684682515,0.3636558962140728,1.4137834595986951,0.3140672481102986
535,535,1.545457467678833,0.5566418012783463,1.477374834013059,0.5305949318534928
536,536,1.3260889181698687,0.027983713557095946,1.45169086510401,0.4385167966898802
537,537,1.5682793169058578,0.24043878937962226,1.4019705397144366,0.37143692335093226
538,538,1.3548202173647752,0.05399548516525776,1.4200177624096642,0.3695328204209205
539,539,1.244711279034608,0.321209223793808,1.460231839577405,0.4617613111173946
540,540,1.4183174787561748,0.30429238145469695,1.4612643841593982,0.5170387750395018
541,541,1.531157029061437,0.34457690070806457,1.4346539634197732,0.44394314240473376
542,542,1.4532016251880004,0.6334038684443333,1.4730561655426384,0.4898572264942791
543,543,1.4645470226945232,0.02389828490108803,1.4151754922358992,0.4016136820487133
544,544,1.4214268885786185,0.5925036931646845,1.4976324242770236,0.5662794538308908
545,545,1.566582828967991,0.7102384684639507,1.5037698314606125,0.6013709987587381
546,546,1.4659062536902643,0.31347369411998294,1.42109105955805,0.3613777717362603
547,547,1.4158215159572936,0.5425122526450612,1.490974321484076,0.5385292242509321
548,548,1.477421495469367,0.4897432625768392,1.440247199041346,0.4342324608531549
549,549,1.5643619795981256,0.5260075359966945,1.505250736542186,0.6295593514616633
550,550,1.3110790060783835,0.5169457109736539,1.5382552039740411,0.6535502265435267
551,551,1.3497809344281948,0.550579391682608,1.4682086155899021,0.4747348985632196
552,552,1.4887208086043526,0.755949128530101,1.4563877742878255,0.4636505727191076
553,553,1.4669271563922952,0.6241141911724468,1.4197951055044393,0.28892576090062816
554,554,1.5326077670369802,0.6464259419179244,1.4180869307314898,0.32458422565705725
555,555,1.3085309619161043,0.2822179725965408,1.4385911139002825,0.3713336064526933
556,556,1.831590540069168,0.9108762655187319,1.4609690907450343,0.5588120483936678
557,557,1.444100749808825,0.23919017232212125,1.4355288261099661,0.41967589314524156
558,558,1.4849761870033737,0.3182610389122611,1.4217143268175214,0.3861460039868021
559,559,1.5138206724988648,0.22486036692468803,1.4489934405267761,0.5073014270223859
560,560,1.475315368907914,0.3453716091127461,1.4203667433731963,0.3962054048555146
561,561,1.6105007317743574,0.5859180914050683,1.445418700283846,0.4879657658142462
562,562,1.501140123653177,0.32002191067390573,1.4262111279692455,0.38331645677438697
563,563,1.5724500466105251,0.5546509923925487,1.4817244531187623,0.554722633709857
564,564,1.428414963672001,0.15679698209513804,1.4543493135425993,0.49226717736446446
565,565,1.5228456888872597,0.5343619595081255,1.4251323821714441,0.3858660311516986
566,566,1.3036315452005944,0.31091313653736696,1.4995750778228571,0.570614670246604
567,567,1.622144986987712,0.10901989988036576,1.429191667963151,0.47996107273853594
568,568,1.3120796600547928,0.28034093577181185,1.4180516062432045,0.28864039178416867
569,569,1.3044351231077143,0.39301719959978954,1.482231369298152,0.5284446627520429
570,570,1.5033281319267773,0.6192566612773769,1.491086541613524,0.558053900884731
571,571,1.3462692796628541,0.03212011182425556,1.4104467701424326,0.28117996155783187
572,572,1.3787534418876226,0.2645621511365266,1.4266510858408843,0.378926262594276
573,573,1.8950128798843602,0.5060165280594515,1.4655596979228922,0.639306404414183
574,574,1.355767094839949,0.2993850549168915,1.4343078718516062,0.3483132502143298
575,575,1.4178012204840518,0.3854584878295966,1.4222478895302506,0.35570015502840224
576,576,1.6200030540073105,0.6594664509058425,1.4249409119542062,0.43416542972594696
577,577,1.4022775025493752,0.23773528786289244,1.4456297669785416,0.4256217832504441
578,578,1.4967545418782136,0.7175028197522222,1.4990133136483554,0.5858236111641384
579,579,1.3168144192034543,0.37740573261554866,1.4463260238423852,0.4265699636921121
580,580,1.2612819831362996,0.41559031793045564,1.505957465344057,0.5849766366312918
581,581,1.7198225842422457,0.8579220673752457,1.4714417897092287,0.5524696483089309
582,582,1.5708586806941438,0.8249184365694453,1.4988643281584992,0.5678559244521346
583,583,1.329302792494419,0.2865290125458757,1.416225871635914,0.26552640126677085
584,584,1.4681426057260685,0.3851572682442077,1.4308766010606095,0.4184093123350632
585,585,1.539246046470726,0.15565517868831424,1.3925582121893803,0.30539784126558356
586,586,1.3658334642190613,0.5173670338444607,1.4571363709625451,0.4196205297525908
587,587,1.3739403373365306,0.3843691673012519,1.4565779848200608,0.44079011409376934
588,588,1.662416247688533,0.6218123980733834,1.4911741004344887,0.6331768512952967
589,589,1.4847290973822858,0.1774768483768412,1.4010805773031156,0.2795930165874103
590,590,1.6129218792390863,0.56125719799424,1.452455399665238,0.4953527386016354
591,591,1.6019160279621951,0.9048258856826843,1.5730846442882829,0.7445454241722107
592,592,1.6464754607048577,0.7355206618195491,1.4374376283318018,0.42074472317179445
593,593,1.439204083267003,0.49756622023152053,1.4576352420662326,0.4536415466300907
594,594,1.4908326110654277,0.45034155092372874,1.4621662849771662,0.513545641753737
595,595,1.5119605356389685,0.2624628277783403,1.3985997341988916,0.28617113508302827
596,596,1.310652708674,0.13819435519155965,1.4419479185005495,0.40375846423701045
597,597,1.2959138410979816,0.013850085650193744,1.4316412320952163,0.40186397868872303
598,598,1.434831484329823,0.7066754718897759,1.5133498162876446,0.6039767262541793
599,599,1.4436279433610228,0.3744479554378173,1.4691360287372788,0.4766204397253797
600,600,1.5705801756693656,0.7323552878022963,1.4508888506557067,0.4786044256750692
601,601,1.4849360550797266,0.4788913105697965,1.4715603650489497,0.5139244353625987
602,602,1.3015152274028436,0.5635186443857774,1.4964899942183927,0.513380229219099
603,603,1.3457757172030973,0.0783695902860777,1.3880977654511,0.20649512220416133
604,604,1.4137053030469995,0.5320577564338893,1.4641585553642422,0.47328045765472027
605,605,1.4170201895743124,0.4191067822238268,1.4267557181096415,0.36322401113366
606,606,1.569758582909533,0.5298952571861308,1.4420285248571552,0.43596391924112954
607,607,1.5988958935370206,0.7490732770831996,1.4673281443249784,0.5084954189485877
608,608,1.2710892358991286,0.017427365137419493,1.432141525681666,0.3782033523111039
609,609,1.691210189219035,0.7420164402010063,1.4628309930941488,0.5429548547951293
610,610,1.1896998750663357,0.1238613582755792,1.440695700025147,0.3665762317734558
611,611,1.5435727048482726,0.5946847552488213,1.4746042178465222,0.526358508291962
612,612,1.380076426076229,0.2485379159164287,1.4446909964024415,0.43384902356092514
613,613,1.3116900372349223,0.1779285377251716,1.419202254192657,0.329111744175556
614,614,1.3613599854533758,0.28511526873511306,1.434941677234437,0.3810182709395611
615,615,1.4815830189227777,0.3791047247203405,1.4440717027576384,0.4452501745990962
616,616,1.4010754562390784,0.10272906237249257,1.3985402469962682,0.25002254893694165
617,617,1.360994085184278,0.5683278258729554,1.4668579684823808,0.46518562400550767
618,618,1.4848494275520314,0.26912153208586265,1.4076530669395548,0.2709177399718117
619,619,1.4599246368513321,0.3204009720102339,1.4712545048452148,0.5242595068445861
620,620,1.4211035213369736,0.5824400230187701,1.5143489230934768,0.6194775252567872
621,621,1.4608581569370385,0.08050258473624883,1.4261576841089811,0.387527823488258
622,622,1.3980077287212718,0.3479031554143339,1.4583064659722556,0.4372397497555891
623,623,1.40091612605168,0.4968314310366102,1.448468513056232,0.4484067703682353
624,624,1.5824714691757529,0.2878774379587905,1.422743953550932,0.4200790405220771
625,625,1.599599200319477,0.5037357303226506,1.4463106084581467,0.4960090141754194
626,626,1.5965974989098615,0.7346280416951112,1.4229342111260892,0.3912374586811129
627,627,1.5672931586458818,0.806272889626618,1.4699414653963783,0.5080585435908263
628,628,1.422658551264983,0.28262787680925205,1.4079245210037974,0.20871170646900872
629,629,1.5948199226947621,0.5389988909476311,1.4304292731251447,0.39455606301568347
630,630,1.6523672318154907,0.42997158938412383,1.4254409284300629,0.4621131181744116
631,631,1.5720936282270253,0.5644083922228305,1.466641713080989,0.5477309951880303
632,632,1.5243594599960617,0.49536711850938975,1.550746671568391,0.7134743294202317
633,633,1.7127498870342857,0.8210710215184278,1.4408237022311017,0.4589250814569734
634,634,1.56378361068092,0.4988882724748369,1.4622297501089596,0.5276945468716345
635,635,1.5224466160432626,0.6428083556650166,1.4517175039956556,0.4637624327965213
636,636,1.4410600672402651,0.569507218382947,1.4475091233919348,0.43851533879614424
637,637,1.6242510335454092,0.5608653280055584,1.4436878258708328,0.4776630960217014
638,638,1.364388765171841,0.573397009600829,1.4374249231888512,0.3696852877306509
639,639,1.2301447631690625,0.2740763788450895,1.4500132933560064,0.3436663447723207
640,640,1.3523027536131431,0.5098251874799633,1.4523396697295279,0.4101403257550875
641,641,1.6008167515295626,0.43092875911926765,1.4095142230599307,0.3538450557007691
642,642,1.5491957835804862,0.45248993886215505,1.459043918032063,0.5006609976153227
643,643,1.2296512103719692,0.36407733127489195,1.4661638200889167,0.4636694695215162
644,644,1.7867455777701418,0.720936443105447,1.5035278460833534,0.666209521063367
645,645,1.4798334721135171,0.4934870661376043,1.4682087382510243,0.5140782844601595
646,646,1.338031653222894,0.5177726382010341,1.4504017814827468,0.3943802606273237
647,647,1.5470753680930716,0.6979479225197265,1.4888286279487077,0.5624332883384491
648,648,1.6134324151242165,0.6597671668443996,1.4988827202151003,0.6136950715944773
649,649,1.2201701216841254,0.27390257918965144,1.4396561384097561,0.3554532820049383
650,650,1.223184352557492,0.4823946597150486,1.4771016006455149,0.4739778592788988
651,651,1.522283967065386,0.7499508097998371,1.5491489982322493,0.7166035047598096
652,652,1.2734228852481748,0.4324295083844487,1.4662576821523763,0.453506788272787
653,653,1.325884882140939,0.052463536291780244,1.4111706899375076,0.2630546348760072
654,654,1.566570263014347,0.3562316097254139,1.430986566102143,0.4386114283618645
655,655,1.6363320751428234,0.6585767958963489,1.4181555213973014,0.3604637362774419
656,656,1.624743079825239,0.4735357958339712,1.471067451435884,0.5664109349623168
657,657,1.4823345781641615,0.2756015899692783,1.4348953606007473,0.4345187865054285
658,658,1.2954645334267347,0.3943903984727073,1.4846476781669262,0.48904749987380924
659,659,1.509817558131603,0.5216056841084322,1.4501053192146356,0.46506339402240426
660,660,1.197009605302283,0.118030144461164,1.4535546640405559,0.3830627850738044
661,661,1.4760239057200186,0.5678795276107045,1.5303830309465365,0.6413138929355369
662,662,1.4716169648679895,0.5027575190305948,1.4242003874934899,0.380696733302365
663,663,1.4151000197386414,0.5115545912108317,1.5768860773236921,0.7576610456586703
664,664,1.4727432441712083,0.6142769270706183,1.4461134684041124,0.43378393074468446
665,665,1.523563133413163,0.37742410429278017,1.443947182414426,0.4696386812435036
666,666,1.4641119508572444,0.3099810105670078,1.4864789570130614,0.563163956772637
667,667,1.7530938144473929,0.7428932648138611,1.4007344025766186,0.40177791802905904
668,668,1.5208682054853586,0.2083379978202653,1.4182752375787022,0.4231750765655593
669,669,1.5871348029754524,0.6189162536470074,1.4515883655565456,0.4974109435455536
670,670,1.5773201029908042,0.4152668125089418,1.4422069157676836,0.4600377289108817
671,671,1.3892874614530868,0.5692873978544708,1.478029611428484,0.49104543681403046
672,672,1.5713711377437654,0.7309168137442774,1.50659205948436,0.6067357950033401
673,673,1.5151427853892627,0.5040354923854999,1.4548448981552422,0.49631039388889153
674,674,1.5485793440756823,0.26245156309797624,1.4164853982399228,0.39162463749184884
675,675,1.3656378293085492,0.27610492707365486,1.432267780601656,0.39987411193809486
676,676,1.569394710802026,0.36790565407650844,1.403440434388465,0.32891669687132064
677,677,1.7727206602547811,0.8566610117722808,1.4503384502556425,0.5205283966719532
678,678,1.6212749480590467,0.5847212064052503,1.4257382587796061,0.4361929881013582
679,679,1.4254353642415232,0.45410383836217605,1.459297891189086,0.45839533446670355
680,680,1.584097028282785,0.37353853501701106,1.4154903793144744,0.4080923574781421
681,681,1.4864831073926505,0.3660200972989589,1.449950501898226,0.4781629525611346
682,682,1.3243367315028756,0.2509877450408493,1.4823308931856927,0.534038216896529
683,683,1.5292521030252042,0.47504870739904703,1.469559771473412,0.5377661985222
684,684,1.3208736867292963,0.19758343557582414,1.428459299837309,0.32047270860628396
685,685,1.4513268251940745,0.6421375370559645,1.4921844907935649,0.55491997322294
686,686,1.3731103313808815,0.5194289766665969,1.4777326871016772,0.5088107591262645
687,687,1.6647589410854196,0.6088314008512037,1.4962908150444765,0.6366930503245598
688,688,1.4607470464734227,0.5683099506501414,1.4859915712665055,0.5440644143439477
689,689,1.7436224154260904,0.5222676055605961,1.4539803598709822,0.5675621623688465
690,690,1.5096430656293462,0.5539238337578807,1.4519036604166549,0.4666207832696636
691,691,1.5130423394577557,0.11492496675874486,1.4383042147332377,0.4339123512015002
692,692,1.618731688722626,0.7705874908375345,1.4233443605803693,0.4100760164583508
693,693,1.450109614958293,0.5753837139522222,1.4534830820443956,0.4379131702185841
694,694,1.371935718274342,0.3846509708272996,1.4750975418319061,0.5268437889661168
695,695,1.4280104444461112,0.6288812560093544,1.460985825424414,0.4863213852510211
696,696,1.5287980085151918,0.5169161461071599,1.449883558629166,0.47856202531944403
697,697,1.4705462869448107,0.6335101792976747,1.4626520488675874,0.5038105679305205
698,698,1.5135671772371142,0.4665041791968134,1.4830307808253964,0.5694165133078308
699,699,1.4311764671717961,0.45804176554106757,1.432824689687727,0.3814625581806186
700,700,1.6142151614962124,0.3877673364552665,1.430327403638594,0.46756972880711345
701,701,1.3654531822440934,0.41665941897634307,1.5072541540397226,0.5821154694212742
702,702,1.5598491100651375,0.4612977063963912,1.3922219026324965,0.2459047981195468
703,703,1.5742644842185305,0.09845111141163976,1.3927347707314195,0.32333524039842043
704,704,1.6642829681195344,0.7286501923822786,1.4823594918762881,0.5622883566300234
705,705,1.659388984670232,0.41038397606366894,1.3993550993815036,0.36557744041624396
706,706,1.5902587767695087,0.3990118342967852,1.4013732480370042,0.3648814891253207
707,707,1.6228934005567124,0.6893779831954663,1.453696216397745,0.4955448358074994
708,708,1.5408448544349502,0.66944649224931,1.5305461084644059,0.6724924704445376
709,709,1.4573171693037275,0.2667511301493679,1.449742334451214,0.47505138306618644
710,710,1.411270156698357,0.42459945035660196,1.4490283028297548,0.43375956236022617
711,711,1.5851387728580448,0.5433452209549392,1.4073059045246716,0.3489221822570716
712,712,1.4732068919781351,0.2909786247521233,1.410835848017576,0.3200845011899345
713,713,1.3729754940746064,0.43797924660321375,1.4701785591115668,0.5013629801765851
714,714,1.3996341499148737,0.3357865907858337,1.4464537511059923,0.43644852564970815
715,715,1.6349838131259975,0.6929136476596107,1.518360307871207,0.6559560692020048
716,716,1.5015083426756408,0.4386653047134672,1.4163758304877927,0.36975042661531754
717,717,1.6497086166243862,0.9066690402705602,1.4989560018512407,0.6060745524258326
718,718,1.5550665949695024,0.5051014742947175,1.5131528025236558,0.6346617083988235
719,719,1.5610197205112217,0.5621418962136291,1.4616398537036677,0.5047118521203058
720,720,1.3879264123884945,0.42471167892536155,1.4371748416556587,0.38346486665252666
721,721,1.4330317810804722,0.4524878144841713,1.4604440006936275,0.45149905955951564
722,722,1.748111269199534,0.6842959961487973,1.5159467093770158,0.6789117427324123
723,723,1.5488881309094746,0.5941414254462063,1.447998071107761,0.4580260615625815
724,724,1.3743675534584663,0.3963248249679139,1.4716020656607063,0.5098194762713186
725,725,1.4340102244800885,0.6883682670535727,1.4880796925918722,0.5269112641621523
726,726,1.5060267372909208,0.5786425133252329,1.527710007850231,0.6639644851233713
727,727,1.4909586121382572,0.5119475180860658,1.4297761262434732,0.4183282188302324
728,728,1.3682925353881292,0.3223845918903665,1.423514182110488,0.3394540604568905
729,729,1.4433917892102706,0.5426268730485502,1.4449117023973004,0.43736010534087466
730,730,1.4452417028084927,0.38353444479312815,1.409498260342082,0.31817448082625077
731,731,1.4098507141778456,0.29542882892208455,1.4584822640842068,0.4829633626859593
732,732,1.437030533426705,0.638411751464258,1.4310629926576393,0.356013677620342
733,733,1.5858368760535047,0.6416893064330105,1.4130681924315955,0.3568117374628734
734,734,1.2269941937260638,0.2808326418163385,1.467927837223974,0.4617578158893454
735,735,1.4512176227831708,0.28329343699222376,1.4592298322865331,0.4956748997896949
736,736,1.471933659764364,0.33146702464182143,1.434242870840711,0.40229596022035086
737,737,1.4986777202488226,0.7703898867914227,1.530409892546848,0.6422371099112358
738,738,1.5469692741161534,0.4333115343121503,1.4283734039565337,0.3911872903434328
739,739,1.40891926927895,0.2637318973896048,1.4637739155912184,0.48105770746495
740,740,1.56167088697365,0.42307993130534216,1.4353546917184232,0.4674998143904796
741,741,1.394884382933227,0.1068388250941883,1.4239149072909167,0.3633852099883019
742,742,1.1410007655518568,0.502705384122347,1.5162664458915092,0.5627076909095883
743,743,1.5514695630085418,0.6246177387669567,1.4543856390703926,0.47841568578108795
744,744,1.292605748887597,0.26311197768505457,1.4590939727760657,0.4667545298262561
745,745,1.3894842649364136,0.2796561275678999,1.4694060980812707,0.5226676425105365
746,746,1.4222452728129555,0.5319284087269764,1.4820612812718863,0.5225632840564884
747,747,1.5629366060757128,0.588206645239155,1.491769730976243,0.5612934654770827
748,748,1.7114641454448254,0.46654071302065603,1.4204219737557275,0.44416404433611323
749,749,1.4774257883249156,0.38945605133290817,1.454231531413592,0.4575412804015837
750,750,1.6516982835084573,0.615122311742621,1.4413902936162473,0.48134642969048036
751,751,1.323903478627677,0.006998064087448963,1.4370525975097372,0.421915367676831
752,752,1.3893028004475014,0.11658283989323825,1.426124606343747,0.36822968303572257
753,753,1.3935900375706256,0.2845083717783541,1.412684752572528,0.29838781181790974
754,754,1.4999722852932034,0.3425898945800476,1.476018621721227,0.5502540893891488
755,755,1.322831053257789,0.314934679663768,1.4446736737355286,0.38084172035318975
756,756,1.5815659109521616,0.15575300014738636,1.469145710958302,0.5635355951303227
757,757,1.5763064049362516,0.4208481985550945,1.4461601912821913,0.469460962573065
758,758,1.5761709562407271,0.7505288252459632,1.4493432307122411,0.45115263301075315
759,759,1.25322868349066,0.0009764515076220448,1.4166788682380815,0.32689548361354426
760,760,1.3046648571606632,0.30944592450107367,1.4860690441974789,0.5223355978662725
761,761,1.566528089205737,0.3755622382932713,1.4386674272765527,0.47479496673689603
762,762,1.2715831440770808,0.41842135257585067,1.4634326657887369,0.4475524903199166
763,763,1.3506499909064305,0.2714055262793491,1.424984493079548,0.33991574576337813
764,764,1.637380731535758,0.6678875952116421,1.5386750933648659,0.7134097641386044
765,765,1.7054062656455287,0.7409280231257069,1.507092688292034,0.6464469483450617
766,766,1.2846864101851105,0.3336670814193923,1.4247821125074858,0.3229747418245932
767,767,1.5160671710482274,0.3192050912638926,1.4565796610685324,0.5268704493015792
768,768,1.9604858506465122,0.8883925144953677,1.4287493699663512,0.5214583741826773
769,769,1.4458656383208843,0.5672120874735063,1.4619789540674462,0.4850785241064193
770,770,1.6762446550005459,0.6389188608930088,1.4308449129521514,0.4568033821727395
771,771,1.4622699673883421,0.6583839295750642,1.4894916243762313,0.5511342228165859
772,772,1.6843308518030813,0.9632533363821136,1.514464075912908,0.6422279017544983
773,773,1.5595109878723104,0.5428943775427415,1.4212121435422616,0.4029921774540637
774,774,1.311546005283745,0.22346342722658052,1.446423487159805,0.39647024004247156
775,775,1.304509063305949,0.06341313319762287,1.442755142570426,0.4176927176025398
776,776,1.6636038813803031,0.6315180437089776,1.4546222308335495,0.546982115344143
777,777,1.376512738457411,0.4916653372773996,1.490212544095579,0.5275726204083018
778,778,1.5391922851506594,0.489918654708827,1.4505341458980303,0.47809616941663835
779,779,1.2972283941612963,0.20201739588991963,1.4465233365171288,0.4091893589662936
780,780,1.661675872083319,0.6814498176326413,1.449456647046594,0.48372960726011716
781,781,1.6717989225512295,0.5182890876678647,1.4377300534900528,0.44680512025368824
782,782,1.556559411074068,0.3803596525308599,1.45241917211356,0.5084370565190981
783,783,1.3118827221767746,0.6552291560225654,1.502745142275993,0.5460827956770937
784,784,1.4249763349081959,0.4928319465505844,1.4492073153881198,0.44223543336164806
785,785,1.4206686171001002,0.6265849776329167,1.4331567666443297,0.4211949268795041
786,786,1.519399799564738,0.5410330373187255,1.4873583954065286,0.5509343692443278
787,787,1.4163812044238084,0.04723438139637803,1.4118568681492358,0.3502040840644747
788,788,1.6621730866765265,0.7469985611472278,1.4176530925597364,0.38938032503093467
789,789,1.5092658884919854,0.2056402764109091,1.396072302466207,0.2536544015923168
790,790,1.4466903351007698,0.19751726831502037,1.3962547460127746,0.26947645025539746
791,791,1.4792977128814473,0.22053652792883272,1.3908701903016918,0.3113961446880684
792,792,1.5452940856310124,0.0838352443928323,1.3881538290234579,0.28810027384805537
793,793,1.5268122558857102,0.6154602236285465,1.4502413467313497,0.4415457068686046
794,794,1.1905215227914725,0.08165275114661297,1.4291967031020956,0.313442917822651
795,795,1.393019241335714,0.3384948892244317,1.5061513758582725,0.6123893890748624
796,796,1.4761843418049414,0.6296290744221982,1.4739623020353172,0.507262705939965
797,797,1.683571160019099,0.6633141383156325,1.4201545760914538,0.40732973843498677
798,798,1.5570820277257071,0.6056822503318031,1.4312679385314635,0.4087341747835649
799,799,1.4396137901763792,0.6772389570737247,1.5440254859781355,0.6679310068150781
800,800,1.412419102595741,0.5591491332390839,1.4554623859067952,0.4447632801462098
801,801,1.6282206068170029,0.4150457821472129,1.3889969985662556,0.32141553212575946
802,802,1.4338470417522373,0.3211652413962316,1.4235388132425169,0.37746558989513135
803,803,1.3564626016531232,0.1954171429730347,1.4761606450416698,0.5452058564579381
804,804,1.5311407950795832,0.6653848581613593,1.4924330917837696,0.5808592599031672
805,805,1.4853210853917749,0.3491432891285027,1.4716808785407995,0.5287867279060943
806,806,1.4543923130883982,0.37626491898142245,1.409608672056143,0.30945561027772284
807,807,1.5444773257643294,0.5647085131514342,1.4600505276603615,0.4865255779577131
808,808,1.5981586198147544,0.5631390150452944,1.4717690370765206,0.5396187533752688
809,809,1.297434184883954,0.16971752204508395,1.476121075711836,0.49922370572952124
810,810,1.3048261546144042,0.5509431492908496,1.479972269682542,0.48334478178458484
811,811,1.5371659502800084,0.409057153568841,1.486000346850888,0.5646711516743959
812,812,1.4969484789560374,0.6984780827999546,1.4868043859148914,0.5372171479519157
813,813,1.2863879089860988,0.6685265852669704,1.5154628585525936,0.5642148743423716
814,814,1.5988524186231412,0.46295707020675314,1.4225823732202352,0.40336423872693095
815,815,1.5214130700179318,0.7119804477900615,1.47938454956575,0.5200565959705146
816,816,1.289568189511491,0.5294360749774163,1.4595287860502353,0.4108576441357621
817,817,1.5046791232806036,0.4902275439794863,1.4047399620336876,0.30634954800702685
818,818,1.7913915560288973,0.6668299811375937,1.4327154612762665,0.5220792576707116
819,819,1.5363919930223586,0.5475734159407977,1.4822543230212677,0.5427186535024284
820,820,1.5912968063236688,0.7593357479629264,1.44144173736092,0.4364115912374591
821,821,1.4537502984135198,0.28959288625724344,1.4257846070154754,0.3591726150933683
822,822,1.762177705778769,0.5471887602712129,1.482237110510257,0.6188121639027595
823,823,1.3544989451044003,0.40795998176853354,1.490820335070997,0.5410785940601008
824,824,1.4077054273490304,0.3251260792672719,1.4463924297034307,0.4401149104012445
825,825,1.5805364579236825,0.5419497787259657,1.409705562801352,0.3420356330231087
826,826,1.2889055688320075,0.3699823645237794,1.4491972397297053,0.39450235566986924
827,827,1.4916333348325086,0.35135770736813576,1.4297185064801776,0.4119206921658001
828,828,1.4289848833165377,0.16608475732272465,1.4365039078960447,0.4373569582375558
829,829,1.5589134748348825,0.4933255188843364,1.4521472141827607,0.4647975792181569
830,830,1.5120338408010183,0.4644815537513485,1.4187258822600735,0.3650006638356502
831,831,1.3023321588318422,0.38172738849842647,1.4638517268210278,0.46599100003783134
832,832,1.5172589966102745,0.30481132456342896,1.4155807107036216,0.37796667404864914
833,833,1.175548840146223,0.2126683969483505,1.4844318010797626,0.517108176436142
834,834,1.3773119800418878,0.643598232585112,1.542364137029927,0.6674728723513681
835,835,1.4175755483189165,0.18393000666091996,1.4128008112510673,0.2961318543983831
836,836,1.4103435041440382,0.307994261196737,1.5093552534398715,0.6107826887397856
837,837,1.390480747253926,0.51879363469275,1.507299397284279,0.6141410806396195
838,838,1.5591585931101508,0.3981865634066044,1.393271430354028,0.2850330606555249
839,839,1.6890771692280984,0.35315105482563647,1.4109438847181124,0.40108658815467146
840,840,1.2862045556273118,0.3877873659123594,1.4089593585235152,0.2775064975026824
841,841,1.1300125002907004,0.27170326589205684,1.4737623345276103,0.4656391400949831
842,842,1.515261648633248,0.5395340696217072,1.4810185802858369,0.5381510403625969
843,843,1.6141286712718441,0.7069404121644758,1.4857463290841117,0.5717525857236221
844,844,1.4311618536173696,0.3762866514742127,1.4121242549961457,0.2984196834776416
845,845,1.6642802850252418,0.9106615432453684,1.5295508401919664,0.674157161120029
846,846,1.4940016946452614,0.6103726531756868,1.4797990889956045,0.5198609350152581
847,847,1.5332529310054317,0.7923488951804578,1.4608825608641693,0.47833355979793746
848,848,1.6537301800093849,0.47779927511097275,1.4173074323223367,0.4285692456545753
849,849,1.4379845089436318,0.39335530563260335,1.4199048961179983,0.3419974961497152
850,850,1.2439720436559865,0.41497806990012887,1.4933616627220356,0.5078379031851168
851,851,1.5646918014934195,0.7026462029265694,1.5027168352660771,0.5910939989830406
852,852,1.4923863953132444,0.6912536967873399,1.4808887174455032,0.5317156959473861
853,853,1.4299251381130313,0.46970291296077127,1.4893924729711623,0.5643365775554137
854,854,1.403146101455151,0.33108926512871717,1.428828777637939,0.3760398670389522
855,855,1.399756008730808,0.43633230346092944,1.50016716029623,0.5958422682010438
856,856,1.3733425659479275,0.2256039099728948,1.4665523695717981,0.5179474841446958
857,857,1.573257627306707,0.8823372702308054,1.4515025045040235,0.4647409442137458
858,858,1.5283867546070347,0.38679241826146793,1.4252984841634886,0.4010490257361803
859,859,1.6200298852430202,0.5164489967822203,1.456598975297513,0.5221744146466634
860,860,1.2115757103268414,0.29892101122395864,1.4427992365453859,0.3019066911088304
861,861,1.4410138026560888,0.5467069304722072,1.418596858956667,0.3304480485272663
862,862,1.366274938139814,0.5118132540852041,1.4800229224793846,0.5095089860920332
863,863,1.4860241668004253,0.5003051082863839,1.466217192409815,0.5222060044722636
864,864,1.5961896821868322,0.784897532154722,1.5076967834322565,0.6113557924463908
865,865,1.6211802646111535,0.6864865386882175,1.4285986794441847,0.40328007828735846
866,866,1.5621885691151247,0.6259358158592829,1.4152862042239722,0.36472551591536106
867,867,1.3407204194030236,0.565536088001708,1.46940568818498,0.4639215438837576
868,868,1.4743125465192792,0.017461349623667743,1.4044487708967552,0.31970966846587157
869,869,1.4613944145495117,0.3689102192368221,1.4821726394578212,0.5326971903041495
870,870,1.594720875113291,0.22903919599014522,1.4294181467973943,0.4562902255101964
871,871,1.350169547629569,0.12002743940335314,1.424111796516939,0.3352905380267246
872,872,1.602055869142522,0.6414703818472529,1.4766183864466458,0.556355852799018
873,873,1.3777791335237823,0.29063071709452615,1.4219633757161005,0.34263503769971226
874,874,1.5177551115838623,0.593127825566806,1.4524760503726744,0.4575740408522089
875,875,1.2822902970451018,0.4586857141405982,1.4696093986864527,0.47533634045417505
876,876,1.410855028485385,0.5172033826595848,1.5163252878768239,0.6103354970429562
877,877,1.551019380842055,0.3035232378965236,1.4422766031572865,0.4681910908969038
878,878,1.3624683168717806,0.08053508355337113,1.4151281246195775,0.34147380642559577
879,879,1.387906067660606,0.48927638145065533,1.429192218314377,0.3569673182048536
880,880,1.5556067183762654,0.20980346693919438,1.4094639163783402,0.41097886773656844
881,881,1.5171905365476857,0.592500307014701,1.4811664919585936,0.5576434891217543
882,882,1.5775376566467867,0.7088385854620518,1.4734965920666383,0.5327393033049797
883,883,1.3524674871840952,0.3422537761939446,1.4412246520924483,0.3736760220402684
884,884,1.5866858860455804,0.34795829992100336,1.4071850513289794,0.3518023607671572
885,885,1.6862515433354315,0.40137931188863174,1.4008374787414037,0.38325429445143167
886,886,1.6069774821096603,0.5452428467020565,1.4637865540173254,0.5525572282691948
887,887,1.5780655091731293,0.45596785470281676,1.4200155515795794,0.38993080539959557
888,888,1.5204384176512482,0.6388944939146319,1.498635635726105,0.5905857081730348
889,889,1.337103116161649,0.5212125093234037,1.4257961630522615,0.339706725360307
890,890,1.4224260890199607,0.10125109260133458,1.4192721841280524,0.3669421581987886
891,891,1.4604471988823677,0.14623560780205702,1.3983662722606411,0.2639079619002773
892,892,1.3294017679762868,0.04280263127283401,1.4192758589240637,0.336859485767361
893,893,1.637530477484833,0.6120162524806938,1.425128493900688,0.41996874249134697
894,894,1.5167973331145927,0.5021360977396441,1.3813606741118358,0.23475675882812252
895,895,1.5655458750571545,0.4591298327219726,1.433054683280597,0.4684812096817845
896,896,1.2799619976836631,0.3935335343414441,1.4411293413731932,0.35982028778429376
897,897,1.5950450539488614,0.5180506789417172,1.5017235021872373,0.625576768951785
898,898,1.3053019462020592,0.4316005045207931,1.4730450456132231,0.5007354191059727
899,899,1.6226347471618863,0.5162510846240309,1.3787432740868435,0.25117642854915445
900,900,1.414851365658447,0.040575012733110594,1.4188232184378298,0.3461990273904192
901,901,1.5677751445734778,0.3361431899536207,1.4378418021710384,0.45849418627223626
902,902,1.3453586667323678,0.8000814122417408,1.5248406689171514,0.6004666746456859
903,903,1.3653439534252874,0.374573288683409,1.476400843204293,0.523812493176095
904,904,1.397008391078184,0.22376620517385382,1.4208591136604138,0.3341787795913236
905,905,1.55471677286943,0.4211133347221536,1.4447084298091164,0.4795737597487486
906,906,1.3847458158165153,0.5488593530933299,1.4852427303172346,0.5063564994122025
907,907,1.5935889422532468,0.19023179760386633,1.4296750244305203,0.4749531168949739
908,908,1.3626943745721274,0.288280528091418,1.4406503247630384,0.37456814809692895
909,909,1.4608835886337197,0.05919283847651968,1.4148773528142555,0.37434345063750607
910,910,1.1770601554972921,0.2580487708640855,1.4867887403397466,0.5265298671003626
911,911,1.419554726284427,0.16853762427813512,1.421106046400363,0.3393331562926929
912,912,1.3549735765033089,0.2989368299879889,1.4639552923638193,0.46366264386128586
913,913,1.7798923498732644,1.0732916480264896,1.498013585196268,0.6291938758195768
914,914,1.5829441791499188,0.2926810947406464,1.4337520301326785,0.4601934126874694
915,915,1.264867574535389,0.3638238817159216,1.4699406085837372,0.4458842500769076
916,916,1.3846919514458664,0.3784345265759619,1.4401693778503109,0.41085799959408487
917,917,1.4235438577197228,0.31506391708197423,1.4540679554980633,0.4494500823763272
918,918,1.2317291090411466,0.014820346634227377,1.4392957631103989,0.38531330215894766
919,919,1.6746215079890288,0.29797636736732924,1.4121681852252317,0.4155821762567866
920,920,1.748638848004154,0.9362724951521617,1.4359751921129416,0.4526023597723232
921,921,1.3096664762568064,0.3315048498981872,1.4924379182076404,0.5225822582325157
922,922,1.433684717481674,0.5957370523666268,1.4829777871996264,0.5235191620793946
923,923,1.6292713459776407,0.926768473280084,1.528064695271054,0.6757718892357314
924,924,1.6508705930402732,0.4419116873734579,1.4403038105181245,0.4887887050533877
925,925,1.3432218955003912,0.37512869222905376,1.397574583768288,0.19565713991929012
926,926,1.6448079854398636,0.6596602741826612,1.4399608233173264,0.47824634721671977
927,927,1.5654439457638556,0.6431019803569851,1.4640139832512242,0.5059040401500736
928,928,1.7022935108026982,0.795374297016922,1.5100275227242792,0.6515149120915624
929,929,1.440920306426405,0.39233822758696624,1.482472100665879,0.539928559853069
930,930,1.4059075630070903,0.24979470212650456,1.4692185044049915,0.4494554557358863
931,931,1.3914111343603386,0.1326380627313295,1.4501457880054942,0.446921723875513
932,932,1.5565500632017604,0.5570624173343774,1.4344500362425254,0.4459130264481743
933,933,1.6288361856769096,0.5573750519504963,1.4444083334573996,0.47378468224635606
934,934,1.5031564682588672,0.5296810086062496,1.4243340481757707,0.3843755922915628
935,935,1.4618893535962554,0.5049931747836109,1.41434354911181,0.2841431117583273
936,936,1.2495336719155226,0.28354237308094543,1.4242279194783862,0.28999406006434203
937,937,1.5404877793459926,0.5026064521980076,1.4587990999791927,0.484919025654837
938,938,1.3419796043087875,0.43692342736585044,1.4683203413400525,0.4702194546548406
939,939,1.5274770785903842,0.5921364866681125,1.4563693856572972,0.49926565782914833
940,940,1.3809516408684765,0.24887315330399584,1.4025555821101656,0.1870389092610747
941,941,1.170079318387758,0.050355273732871186,1.4261815510548967,0.3229711944693592
942,942,1.5098156836205014,0.6133221489860157,1.518200778366407,0.626700329955181
943,943,1.6472942849352596,0.582359947886181,1.4202585924018312,0.4318892041083844
944,944,1.6050249443917495,0.6809793665685708,1.491616658514619,0.5636141926465208
945,945,1.297122487778284,0.2978381617460859,1.414154076359171,0.2487069297806701
946,946,1.4444380039933546,0.4496814834569225,1.4777740138399378,0.5291529701371571
947,947,1.3588252002426524,0.22560947545112509,1.405097900755882,0.26687509484996674
948,948,1.3020928745721079,0.13370416655509798,1.4312696146881647,0.3187716277070609
949,949,1.4023368246845298,0.19804707464724736,1.4435608551477026,0.3969046220882606
950,950,1.221024914659852,0.2835379065272541,1.451327600720959,0.3683022766021957
951,951,1.3625215478443906,0.08410872067589326,1.4385179428360075,0.4283318364667199
952,952,1.6995528709727206,0.5152419008671694,1.4072747023624674,0.415561594838036
953,953,1.4391645762918484,0.39617488621165986,1.418399650793621,0.35896233339940986
954,954,1.5010622030632828,0.3304575051531651,1.4173283198693751,0.37677086567723794
955,955,1.5237565356970149,0.6375009555595521,1.4661122631130012,0.5087556730805529
956,956,1.2099912547244447,0.34434439798158945,1.467960866969992,0.46036809156455316
957,957,1.4252732581688243,0.3821480271623363,1.4966919689179543,0.6032830111972447
958,958,1.5114289478137046,0.5419565518589646,1.4348239104449314,0.4292195631294229
959,959,1.3360448743930158,0.003016833005452746,1.4201193912439443,0.36129868250742403
960,960,1.401449501188305,0.19702424037700217,1.4151496082126667,0.3170546678692854
961,961,1.847875027453485,1.1023861868436633,1.5439275653789792,0.7392268106781104
962,962,1.4573942827172877,0.586578722589858,1.407089602282748,0.30713044600655737
963,963,1.5987470545615057,0.6113314226548248,1.3952966419549293,0.3122169589173822
964,964,1.4434001457764536,0.47928130436819316,1.4467507160857795,0.4358135709088198
965,965,1.561443583868856,0.5756313919495484,1.5062178738749465,0.6196348122071687
966,966,1.371575001853358,0.38555183047560737,1.457093147250717,0.4415726804459523
967,967,1.2195797502577335,0.27609796351943894,1.4304549583028443,0.2942499463906141
968,968,1.7161539279916302,0.8889285880393145,1.4653105324484614,0.5483476582244413
969,969,1.4699843683291747,0.021157307599979802,1.4062155272693018,0.33605659739193827
970,970,1.5284637046903056,0.5308222255787118,1.4569563060337494,0.47533338811360437
971,971,1.5006790792629707,0.7196528930488939,1.5416539843419825,0.6705365910083718
972,972,1.3368073934778284,0.214854051223345,1.4336022375115285,0.33984889644100846
973,973,1.4257894475043948,0.18190332312622992,1.4217184830333491,0.36031580748854486
974,974,1.5178134862125199,0.3653069068420667,1.486348136897628,0.5762269692250768
975,975,1.2238707469873809,0.1221433223745998,1.4368303068536095,0.36329022003071554
976,976,1.443302772722543,0.3836220947498381,1.4006599279378922,0.2289302047921642
977,977,1.6041749334790567,0.3822952715986072,1.4036678420291626,0.3818573675294523
978,978,1.275598049688538,0.32427158190977634,1.4405177123303208,0.3636962984711256
979,979,1.4787654109482395,0.6655708574107537,1.4588051567728346,0.46524014000615077
980,980,1.3972221228322426,0.1721548862416311,1.4064395930164937,0.234069036764037
981,981,1.2990004890799052,0.39276216040142176,1.426363798064208,0.3260851327043044
982,982,1.6755839469182643,0.5762058676109354,1.4221351788510357,0.413319701754578
983,983,1.645109279636996,0.8322517286720212,1.468367360216405,0.5406279326221348
984,984,1.6868308102042557,0.9297003491706599,1.4724481469699555,0.5335560563778188
985,985,1.4056764514561904,0.16417763979265443,1.4093114452400584,0.3269670757345189
986,986,1.5440002667475146,0.5233597235358292,1.4523722933306233,0.4997954050915534
987,987,1.2635233832511779,0.2175220063904515,1.4642094358868938,0.4595677206873954
988,988,1.3907900290237674,0.35104415108612974,1.4272916289380493,0.3512659184882656
989,989,1.4044750599109783,0.21389284729557012,1.4150577160661275,0.33745579447311247
990,990,1.379023791033075,0.5010246338266415,1.460397941181875,0.45295137598715307
991,991,1.5354368393783286,0.41613950311857373,1.4656778496785847,0.5467378140255317
992,992,1.2769974142192866,0.2888812860407697,1.4419488527578237,0.3623021763290799
993,993,1.3995211704167643,0.4111292030916527,1.488152588049786,0.5563254993310887
994,994,1.400873367327502,0.5062293691045343,1.4685864689876738,0.4775910519486497
995,995,1.416890395698499,0.06553563125334527,1.4135203695656597,0.3371524140513884
996,996,1.707891288086119,0.2633525907537515,1.419570168306556,0.48308708438561654
997,997,1.548003072420568,0.1181630530313007,1.4170380126736786,0.42012995770718087
998,998,1.362274661433903,0.414469256902291,1.402635408019043,0.25962587603607545
999,999,1.5658079536178842,0.7915731456385404,1.488385484402871,0.554433638237898
